open_time,open,high,low,close,volume,close_time,quote_asset_volume,number_of_trades,taker_buy_base_asset_volume,taker_buy_quote_asset_volume
2026-08-18 18:00:00+00:00,64670.02,64822.0,64656.0,64772.0,219.3896,2026-08-18 18:59:59.999000+00:00,14206272.972937,35455,116.2689,7528250.1274737
2026-08-18 19:00:00+00:00,64771.99,64796.0,64642.36,64643.26,185.09854,2026-08-18 19:59:59.999000+00:00,11978365.3669026,38499,68.98168,4463718.7144816
2026-08-18 20:00:00+00:00,64643.27,64654.87,64568.0,64582.39,191.92081,2026-08-18 20:59:59.999000+00:00,12401073.6221091,44252,70.67045,4566354.5041945
2026-08-18 21:00:00+00:00,64582.38,64653.97,64571.48,64604.58,187.67225,2026-08-18 21:59:59.999000+00:00,12124743.9003159,40680,60.18888,3888456.1092668
2026-08-18 22:00:00+00:00,64604.58,64648.0,64562.25,64634.0,200.09422,2026-08-18 22:59:59.999000+00:00,12927083.1123808,37209,92.86291,5999385.4846929
2026-08-18 23:00:00+00:00,64634.0,64780.0,64631.15,64725.42,213.8588,2026-08-18 23:59:59.999000+00:00,13840563.3399726,36255,97.82201,6330741.9847113
2026-08-19 00:00:00+00:00,64725.42,64736.27,64488.0,64488.0,247.80518,2026-08-19 00:59:59.999000+00:00,16009811.6193631,68139,105.08919,6789187.7207435
2026-08-19 01:00:00+00:00,64488.0,64551.47,64389.27,64400.48,314.2814,2026-08-19 01:59:59.999000+00:00,20261820.1355884,75477,184.17169,11875012.6903368
2026-08-19 02:00:00+00:00,64400.47,64414.65,64350.0,64351.9,547.93834,2026-08-19 02:59:59.999000+00:00,35282299.56928,54869,267.44222,17220530.664122
2026-08-19 03:00:00+00:00,64351.86,64414.0,64278.0,64330.71,258.70445,2026-08-19 03:59:59.999000+00:00,16645879.6844174,59844,139.59508,8982380.2920369
2026-08-19 04:00:00+00:00,64330.7,64391.8,64293.43,64316.22,402.06932,2026-08-19 04:59:59.999000+00:00,25874122.9668575,36820,190.81226,12278598.9600383
2026-08-19 05:00:00+00:00,64316.22,64409.93,64236.0,64236.01,258.31718,2026-08-19 05:59:59.999000+00:00,16619607.4459793,39791,103.37039,6651121.438301
2026-08-19 06:00:00+00:00,64236.01,64344.0,64166.0,64339.8,531.39508,2026-08-19 06:59:59.999000+00:00,34151339.3971854,60116,294.43973,18922041.1899794
2026-08-19 07:00:00+00:00,64339.8,64395.78,64271.78,64296.0,630.66386,2026-08-19 07:59:59.999000+00:00,40576794.0278462,48190,348.62425,22429447.1980771
2026-08-19 08:00:00+00:00,64296.01,64510.95,64255.0,64413.95,381.23164,2026-08-19 08:59:59.999000+00:00,24535506.8052736,49947,149.99439,9656602.4091473
2026-08-19 09:00:00+00:00,64413.95,64470.66,64360.7,64427.06,228.1951,2026-08-19 09:59:59.999000+00:00,14697556.3041385,37034,104.20858,6711485.7864028
2026-08-19 10:00:00+00:00,64427.07,64456.71,64373.24,64456.71,262.84871,2026-08-19 10:59:59.999000+00:00,16929996.004405,27343,80.88625,5209751.644968
2026-08-19 11:00:00+00:00,64456.71,64539.05,64454.99,64515.63,286.02228,2026-08-19 11:59:59.999000+00:00,18448140.0060186,36462,149.21185,9623766.1800718
2026-08-19 12:00:00+00:00,64515.62,64988.0,64474.86,64882.15,785.09851,2026-08-19 12:59:59.999000+00:00,50852075.4299214,116151,460.69216,29834832.3551887
2026-08-19 13:00:00+00:00,64882.15,65217.86,64793.29,65012.12,1619.46727,2026-08-19 13:59:59.999000+00:00,105299099.6223,246571,870.12193,56584764.9150013
2026-08-19 14:00:00+00:00,65012.12,65970.0,65012.11,65923.21,2365.56793,2026-08-19 14:59:59.999000+00:00,154967720.436037,301443,1347.50612,88268633.3934472
2026-08-19 15:00:00+00:00,65923.21,69500.0,65892.0,68554.0,9262.86965,2026-08-19 15:59:59.999000+00:00,628407752.0128759,912256,5403.48536,366517302.30386734
2026-08-19 16:00:00+00:00,68554.0,68997.0,68416.36,68465.27,2013.58518,2026-08-19 16:59:59.999000+00:00,138290006.6106879,293998,1091.87285,74988989.1745268
2026-08-19 17:00:00+00:00,68465.26,68546.22,67825.03,68197.29,1708.46485,2026-08-19 17:59:59.999000+00:00,116455445.9220912,233345,827.32457,56407870.3615791
2026-08-19 18:00:00+00:00,68197.3,68453.43,68042.0,68395.99,626.01288,2026-08-19 18:59:59.999000+00:00,42733132.0011138,158947,306.4765,20921125.4661312
2026-08-19 19:00:00+00:00,68396.0,68483.52,68103.71,68429.44,730.52396,2026-08-19 19:59:59.999000+00:00,49910933.393436,166995,374.32549,25571161.2292036
2026-08-19 20:00:00+00:00,68429.44,69579.99,68390.0,69048.06,1419.23549,2026-08-19 20:59:59.999000+00:00,97892936.5261991,240223,760.74984,52469215.1402134
2026-08-19 21:00:00+00:00,69048.06,70000.0,68984.78,69709.46,2102.52662,2026-08-19 21:59:59.999000+00:00,146332047.8758616,480774,1143.88502,79648196.1283449
2026-08-19 22:00:00+00:00,69709.47,69833.99,68980.0,69258.9,1240.65644,2026-08-19 22:59:59.999000+00:00,86005605.7501374,246594,542.06606,37576722.5775535
2026-08-19 23:00:00+00:00,69258.9,69453.88,69160.0,69334.79,830.81844,2026-08-19 23:59:59.999000+00:00,57589509.5461766,169267,400.51349,27760529.3386591
2026-08-20 00:00:00+00:00,69334.78,69793.21,69314.01,69420.0,1392.50902,2026-08-20 00:59:59.999000+00:00,96866466.4539808,233807,832.55501,57905527.8397781
2026-08-20 01:00:00+00:00,69420.0,69894.5,69283.25,69721.92,864.23959,2026-08-20 01:59:59.999000+00:00,60085856.0883239,166324,484.97145,33718949.6409396
2026-08-20 02:00:00+00:00,69721.92,69824.0,69268.0,69301.27,929.59108,2026-08-20 02:59:59.999000+00:00,64652716.9064179,172766,403.14172,28030612.9346547
2026-08-20 03:00:00+00:00,69301.27,69340.0,68902.22,69195.64,941.77624,2026-08-20 03:59:59.999000+00:00,65081589.9201069,179308,480.77265,33224904.8440819
2026-08-20 04:00:00+00:00,69195.64,69599.01,69166.0,69492.01,712.36152,2026-08-20 04:59:59.999000+00:00,49401587.6595727,127113,404.43052,28046319.1894901
2026-08-20 05:00:00+00:00,69492.0,69668.0,69349.16,69406.54,1261.47615,2026-08-20 05:59:59.999000+00:00,87669940.5241434,171545,485.51103,33747030.9145834
2026-08-20 06:00:00+00:00,69406.53,69927.97,69336.97,69851.99,1346.47743,2026-08-20 06:59:59.999000+00:00,93621817.0442268,191879,600.01128,41739262.9409115
2026-08-20 07:00:00+00:00,69851.99,70022.0,69506.91,69816.45,2107.14536,2026-08-20 07:59:59.999000+00:00,146891333.7318324,202651,966.79775,67444176.586396
2026-08-20 08:00:00+00:00,69816.45,71826.26,69772.36,71592.1,4173.84476,2026-08-20 08:59:59.999000+00:00,296911673.0665926,552363,2403.67496,170897704.0633688
2026-08-20 09:00:00+00:00,71592.11,72067.46,71500.0,71789.97,3166.23325,2026-08-20 09:59:59.999000+00:00,227549216.28248128,352397,1656.88514,119076411.7234325
2026-08-20 10:00:00+00:00,71789.97,72490.0,71686.58,71995.99,2350.9646,2026-08-20 10:59:59.999000+00:00,169321447.4888428,335431,1102.45826,79429954.050435
2026-08-20 11:00:00+00:00,71995.99,72322.0,71820.0,71927.07,1357.58479,2026-08-20 11:59:59.999000+00:00,97800539.6704673,291099,652.27144,46985855.4771555
2026-08-20 12:00:00+00:00,71927.07,72015.42,71501.0,71952.04,1576.86402,2026-08-20 12:59:59.999000+00:00,113174119.9941104,318664,803.45966,57678346.2392925
2026-08-20 13:00:00+00:00,71952.04,72108.8,71132.0,71691.99,2151.9086,2026-08-20 13:59:59.999000+00:00,154276127.4384819,445326,1203.61262,86282659.6206723
2026-08-20 14:00:00+00:00,71692.0,71990.09,71364.01,71826.85,1441.04171,2026-08-20 14:59:59.999000+00:00,103275705.7283342,377125,716.3138,51342363.5733881
2026-08-20 15:00:00+00:00,71826.85,72830.0,71789.01,72470.83,2926.7352,2026-08-20 15:59:59.999000+00:00,211659318.3578908,544525,1528.68679,110559764.7105776
2026-08-20 16:00:00+00:00,72470.84,72905.0,72205.88,72837.15,1324.40386,2026-08-20 16:59:59.999000+00:00,96013122.5828815,300259,642.62938,46596130.3081512
2026-08-20 17:00:00+00:00,72837.15,72966.0,72534.71,72737.5,1268.41951,2026-08-20 17:59:59.999000+00:00,92289080.419805,265124,597.34794,43462479.4806775
2026-08-20 18:00:00+00:00,72737.51,72810.0,72394.0,72431.36,968.00662,2026-08-20 18:59:59.999000+00:00,70245199.5616184,208116,404.23396,29335672.624114
2026-08-20 19:00:00+00:00,72431.35,72774.0,72330.0,72690.76,818.65084,2026-08-20 19:59:59.999000+00:00,59423050.3676285,177706,378.71128,27489338.6312086
2026-08-20 20:00:00+00:00,72690.76,73110.7,72594.0,72671.75,871.61952,2026-08-20 20:59:59.999000+00:00,63461619.2748197,179194,429.06632,31250586.3376783
2026-08-20 21:00:00+00:00,72671.76,72848.0,72557.0,72741.81,501.87504,2026-08-20 21:59:59.999000+00:00,36487574.4423001,116602,228.90547,16644774.4760225
2026-08-20 22:00:00+00:00,72741.81,72878.0,72498.0,72676.22,520.26326,2026-08-20 22:59:59.999000+00:00,37818021.9182135,133840,230.20853,16732838.1403557
2026-08-20 23:00:00+00:00,72676.23,73400.0,72664.56,73025.15,930.8009,2026-08-20 23:59:59.999000+00:00,68076582.6869105,205950,508.28437,37175076.6437805
2026-08-21 00:00:00+00:00,73027.02,73990.0,73027.02,73708.02,1919.94005,2026-08-21 00:59:59.999000+00:00,141359048.8183606,415897,1079.36584,79458102.6045145
2026-08-21 01:00:00+00:00,73707.82,75785.82,73668.0,75129.23,3173.32947,2026-08-21 01:59:59.999000+00:00,237448499.98108688,567499,1838.39576,137535715.8855973
2026-08-21 02:00:00+00:00,75129.23,75197.08,74384.63,74439.74,1716.15486,2026-08-21 02:59:59.999000+00:00,128330588.2943813,372549,850.29649,63590223.9872823
2026-08-21 03:00:00+00:00,74439.75,74882.24,74247.46,74510.77,1039.80072,2026-08-21 03:59:59.999000+00:00,77514842.41097,226091,573.37944,42745300.3225238
2026-08-21 04:00:00+00:00,74510.77,75054.46,74510.77,75026.0,825.51685,2026-08-21 04:59:59.999000+00:00,61831670.1603508,172179,473.02852,35426252.3022029
2026-08-21 05:00:00+00:00,75026.0,75500.0,74918.79,75472.73,1138.68225,2026-08-21 05:59:59.999000+00:00,85706156.1433862,255057,624.0799,46971731.23571
2026-08-21 06:00:00+00:00,75472.73,75753.0,75104.0,75646.21,1382.10073,2026-08-21 06:59:59.999000+00:00,104284430.3688208,284122,824.57832,62218240.8678434
2026-08-21 07:00:00+00:00,75646.2,76916.95,75620.0,76308.65,3775.56433,2026-08-21 07:59:59.999000+00:00,288359838.3839714,521797,1770.27766,135166080.832848
2026-08-21 08:00:00+00:00,76308.66,79500.0,76235.76,79258.03,4366.47306,2026-08-21 08:59:59.999000+00:00,339791607.4346667,663625,2435.79366,189604972.7217854
2026-08-21 09:00:00+00:00,79258.02,79363.79,77251.0,77910.71,4167.07817,2026-08-21 09:59:59.999000+00:00,324751286.53562087,773764,1950.46557,151988784.7458174
2026-08-21 10:00:00+00:00,77910.71,78250.0,77621.8,77810.02,1604.18384,2026-08-21 10:59:59.999000+00:00,124987199.5105098,346231,718.37167,55969338.0832056
2026-08-21 11:00:00+00:00,77810.01,77855.78,76411.38,76722.32,2387.74046,2026-08-21 11:59:59.999000+00:00,184026154.165431,497903,993.99957,76627367.0576874
2026-08-21 12:00:00+00:00,76722.31,77477.24,76538.0,77223.66,2680.17653,2026-08-21 12:59:59.999000+00:00,206142613.74877727,426271,1410.19522,108497336.3842153
2026-08-21 13:00:00+00:00,77223.66,77700.0,76243.04,77266.87,2022.51306,2026-08-21 13:59:59.999000+00:00,155827344.8624896,614968,992.85213,76503454.0774337
2026-08-21 14:00:00+00:00,77266.88,77448.26,76552.74,77384.68,1855.76373,2026-08-21 14:59:59.999000+00:00,142941412.2458436,451822,935.55174,72062404.7979917
2026-08-21 15:00:00+00:00,77384.69,77871.33,77170.0,77221.98,1316.36575,2026-08-21 15:59:59.999000+00:00,102078381.9714861,304276,622.78557,48297263.934086
2026-08-21 16:00:00+00:00,77221.98,77563.53,76784.81,77486.01,1368.21973,2026-08-21 16:59:59.999000+00:00,105683139.5094406,319757,825.87591,63810535.2393155
2026-08-21 17:00:00+00:00,77486.01,77722.12,77189.95,77392.68,1099.33856,2026-08-21 17:59:59.999000+00:00,85187052.9504192,226156,642.51051,49792590.9924612
2026-08-21 18:00:00+00:00,77392.69,77550.0,76643.72,77146.0,1247.39698,2026-08-21 18:59:59.999000+00:00,96232145.7126281,224946,648.62697,50046382.3998783
2026-08-21 19:00:00+00:00,77145.99,77360.0,76856.2,77028.94,1151.33799,2026-08-21 19:59:59.999000+00:00,88812935.8733211,204987,602.74148,46503095.4140983
2026-08-21 20:00:00+00:00,77028.94,77548.99,76863.56,77520.19,905.49008,2026-08-21 20:59:59.999000+00:00,70041077.5154669,211082,546.19964,42254804.8266574
2026-08-21 21:00:00+00:00,77520.19,78675.1,77388.0,78505.15,1351.97974,2026-08-21 21:59:59.999000+00:00,105609427.3424527,340607,761.76604,59489497.6735908
2026-08-21 22:00:00+00:00,78505.14,78760.68,78081.8,78460.14,1022.8221,2026-08-21 22:59:59.999000+00:00,80281726.1148803,291342,502.18726,39423430.5911241
2026-08-21 23:00:00+00:00,78460.13,78720.0,78100.26,78338.03,821.59664,2026-08-21 23:59:59.999000+00:00,64444179.978599,216016,410.55174,32205819.353713
2026-08-22 00:00:00+00:00,78338.03,78500.0,77683.37,77953.3,822.10615,2026-08-22 00:59:59.999000+00:00,64083796.0140128,287777,426.51762,33245814.6480109
2026-08-22 01:00:00+00:00,77953.3,78234.0,77816.66,77830.01,612.96043,2026-08-22 01:59:59.999000+00:00,47828185.185472,195187,298.96679,23326014.2120679
2026-08-22 02:00:00+00:00,77830.01,78563.83,77791.19,78470.0,965.16893,2026-08-22 02:59:59.999000+00:00,75604220.8363409,196380,545.01711,42693136.8223004
2026-08-22 03:00:00+00:00,78470.0,78828.15,78372.0,78410.98,734.8031,2026-08-22 03:59:59.999000+00:00,57752136.6296189,178441,385.37128,30288056.2852275
2026-08-22 04:00:00+00:00,78410.98,78818.0,78207.61,78470.0,738.35305,2026-08-22 04:59:59.999000+00:00,57978509.7010819,200119,367.96776,28895022.8976934
2026-08-22 05:00:00+00:00,78470.0,78584.0,76500.0,77380.75,3816.352,2026-08-22 05:59:59.999000+00:00,294638146.6768021,546223,1747.60636,134894095.6450518
2026-08-22 06:00:00+00:00,77380.75,77572.16,76985.14,77486.09,838.31259,2026-08-22 06:59:59.999000+00:00,64819334.5003853,177941,447.16988,34577996.4009634
2026-08-22 07:00:00+00:00,77486.09,77669.28,77220.0,77289.18,634.34953,2026-08-22 07:59:59.999000+00:00,49114237.0346176,181595,326.26264,25262962.643906
2026-08-22 08:00:00+00:00,77289.18,77445.6,77037.42,77210.55,870.47609,2026-08-22 08:59:59.999000+00:00,67219390.6503647,173301,484.41449,37410873.9615547
2026-08-22 09:00:00+00:00,77210.55,77395.04,76851.25,77061.99,1089.30988,2026-08-22 09:59:59.999000+00:00,84063258.8487514,198606,679.30108,52433203.2114313
2026-08-22 10:00:00+00:00,77062.0,77187.46,76533.87,76976.0,1058.83574,2026-08-22 10:59:59.999000+00:00,81389927.232728,237123,496.38726,38155416.2755585
2026-08-22 11:00:00+00:00,76976.01,77204.68,76772.05,77130.02,729.38003,2026-08-22 11:59:59.999000+00:00,56166000.7212625,160718,401.78416,30938431.6169585
2026-08-22 12:00:00+00:00,77130.01,77387.99,77073.86,77300.27,529.84412,2026-08-22 12:59:59.999000+00:00,40946898.3605933,126274,259.94973,20084676.9336159
2026-08-22 13:00:00+00:00,77300.27,77362.03,77116.0,77288.62,471.5874,2026-08-22 13:59:59.999000+00:00,36409464.2001131,85644,258.95527,19994513.3336229
2026-08-22 14:00:00+00:00,77288.62,77305.14,76930.0,77003.62,534.05012,2026-08-22 14:59:59.999000+00:00,41146872.1721956,130334,242.9446,18717114.5549165
2026-08-22 15:00:00+00:00,77003.62,77100.77,76880.0,76978.83,465.28762,2026-08-22 15:59:59.999000+00:00,35828797.8756854,115065,197.00506,15170343.1099348
2026-08-22 16:00:00+00:00,76978.83,77547.96,76956.36,77288.01,537.52059,2026-08-22 16:59:59.999000+00:00,41516776.1188996,124396,278.30595,21496944.1430135
2026-08-22 17:00:00+00:00,77288.01,77369.99,77066.66,77278.01,367.89271,2026-08-22 17:59:59.999000+00:00,28421643.185658,95143,212.24407,16397863.6686023
2026-08-22 18:00:00+00:00,77278.01,77360.92,77138.0,77257.86,246.33381,2026-08-22 18:59:59.999000+00:00,19033031.349178,73576,118.16695,9129848.4587135
2026-08-22 19:00:00+00:00,77257.87,77469.64,77206.53,77418.25,260.41653,2026-08-22 19:59:59.999000+00:00,20138677.4021409,60303,172.53794,13342530.7582907
2026-08-22 20:00:00+00:00,77418.26,77467.53,77258.0,77311.69,351.69043,2026-08-22 20:59:59.999000+00:00,27205439.9358058,72436,188.96911,14617541.4710478
2026-08-22 21:00:00+00:00,77311.69,77311.69,76828.78,76856.01,472.54194,2026-08-22 21:59:59.999000+00:00,36402789.7588424,137618,189.0019,14561098.4429553
2026-08-22 22:00:00+00:00,76856.0,77155.46,76772.0,76997.76,933.98314,2026-08-22 22:59:59.999000+00:00,71949835.7326977,131298,523.926,40354766.8459619
2026-08-22 23:00:00+00:00,76997.77,77126.53,76900.0,77074.93,442.95254,2026-08-22 23:59:59.999000+00:00,34111018.4739902,64547,164.41925,12662293.9576971
2026-08-23 00:00:00+00:00,77074.94,77359.53,77042.91,77302.65,422.64795,2026-08-23 00:59:59.999000+00:00,32648849.5127581,109912,266.03595,20553209.5491401
2026-08-23 01:00:00+00:00,77302.65,77400.0,77158.0,77190.29,315.9346,2026-08-23 01:59:59.999000+00:00,24407493.7211364,99628,162.23708,12533997.7955312
2026-08-23 02:00:00+00:00,77190.29,77232.55,77005.88,77079.46,272.44621,2026-08-23 02:59:59.999000+00:00,21013707.2842128,94964,146.13855,11271373.5483612
2026-08-23 03:00:00+00:00,77079.46,77136.78,76837.0,76927.87,542.03792,2026-08-23 03:59:59.999000+00:00,41725684.5074581,99139,261.51914,20129094.4805161
2026-08-23 04:00:00+00:00,76927.87,77036.58,76477.04,76602.0,1142.31377,2026-08-23 04:59:59.999000+00:00,87705035.7675436,197382,590.19243,45325643.7357679
2026-08-23 05:00:00+00:00,76602.0,76730.99,75545.67,76053.37,2021.52468,2026-08-23 05:59:59.999000+00:00,153929395.1598681,376404,923.02334,70296564.2047696
2026-08-23 06:00:00+00:00,76053.38,76357.51,75872.89,76096.95,788.44492,2026-08-23 06:59:59.999000+00:00,60039394.7352928,186071,391.38029,29805752.3593229
2026-08-23 07:00:00+00:00,76096.96,76345.31,75907.82,76007.13,498.42122,2026-08-23 07:59:59.999000+00:00,37946853.3763294,113634,266.86174,20318954.7527383
2026-08-23 08:00:00+00:00,76007.12,76654.78,75952.09,76486.49,773.49224,2026-08-23 08:59:59.999000+00:00,59004835.6960149,128052,423.71781,32322589.6239523
2026-08-23 09:00:00+00:00,76486.49,76640.21,76467.0,76549.98,346.37256,2026-08-23 09:59:59.999000+00:00,26517357.7842167,92750,201.40871,15419487.9180124
2026-08-23 10:00:00+00:00,76549.99,76924.29,76542.0,76790.35,533.71157,2026-08-23 10:59:59.999000+00:00,40970225.8023398,133177,317.02425,24333484.3235752
2026-08-23 11:00:00+00:00,76790.35,77400.0,76744.94,77311.02,784.82342,2026-08-23 11:59:59.999000+00:00,60567967.1720712,193660,470.99708,36349813.2236236
2026-08-23 12:00:00+00:00,77311.02,77311.99,76975.63,77206.0,446.59889,2026-08-23 12:59:59.999000+00:00,34433933.7959175,91798,185.47516,14304715.7003949
2026-08-23 13:00:00+00:00,77206.01,77765.8,77192.21,77487.62,955.92825,2026-08-23 13:59:59.999000+00:00,74074515.5381856,191113,582.43543,45130581.111005
2026-08-23 14:00:00+00:00,77487.62,77640.58,76802.0,77186.0,1015.68445,2026-08-23 14:59:59.999000+00:00,78472584.5996213,236133,507.38808,39206924.1496458
2026-08-23 15:00:00+00:00,77186.0,77336.93,76913.49,77156.13,562.15936,2026-08-23 15:59:59.999000+00:00,43388526.1175379,159001,311.75623,24068645.059459
2026-08-23 16:00:00+00:00,77156.14,77475.0,77156.13,77429.88,303.2396,2026-08-23 16:59:59.999000+00:00,23451198.7789773,101127,177.58749,13734486.9192491
2026-08-23 17:00:00+00:00,77429.87,77443.95,77148.2,77176.41,396.15987,2026-08-23 17:59:59.999000+00:00,30608324.7651687,104111,178.30146,13776382.4327267
2026-08-23 18:00:00+00:00,77176.41,77415.33,77116.0,77341.98,670.17194,2026-08-23 18:59:59.999000+00:00,51790230.6938779,123034,457.60025,35364508.3212502
2026-08-23 19:00:00+00:00,77341.99,77487.04,77255.99,77346.01,294.93858,2026-08-23 19:59:59.999000+00:00,22813128.5059621,77409,130.01534,10058035.8481628
2026-08-23 20:00:00+00:00,77346.0,77460.0,77200.03,77401.6,169.97755,2026-08-23 20:59:59.999000+00:00,13147091.8113694,60051,101.79594,7873389.2800313
2026-08-23 21:00:00+00:00,77401.59,78052.85,77401.59,77833.23,861.63202,2026-08-23 21:59:59.999000+00:00,67044331.2950678,249568,535.79479,41693590.9377774
2026-08-23 22:00:00+00:00,77833.23,77979.0,77560.02,77598.88,587.36494,2026-08-23 22:59:59.999000+00:00,45636593.3223218,218333,293.55114,22808227.1281484
2026-08-23 23:00:00+00:00,77598.87,77829.7,77290.22,77734.0,661.20534,2026-08-23 23:59:59.999000+00:00,51291016.3161837,191378,325.11263,25222505.8325901
2026-08-24 00:00:00+00:00,77734.0,77742.0,77142.85,77679.5,630.62998,2026-08-24 00:59:59.999000+00:00,48851129.8795872,225504,333.1658,25809376.4213386
2026-08-24 01:00:00+00:00,77679.51,77717.28,76918.0,76922.1,853.47221,2026-08-24 01:59:59.999000+00:00,65959784.1160132,241642,312.89265,24181507.590023
2026-08-24 02:00:00+00:00,76922.11,77545.08,76883.61,77478.69,732.4439,2026-08-24 02:59:59.999000+00:00,56619184.6262944,223553,438.45438,33895722.7540565
2026-08-24 03:00:00+00:00,77478.7,77532.37,76933.0,76933.02,1447.49069,2026-08-24 03:59:59.999000+00:00,111687368.8001079,189531,384.36723,29655288.8478028
2026-08-24 04:00:00+00:00,76933.02,77247.12,76670.01,76897.44,1191.36747,2026-08-24 04:59:59.999000+00:00,91739705.7558609,172199,467.63851,36002387.0404283
2026-08-24 05:00:00+00:00,76897.44,77226.93,76842.72,77149.4,884.51745,2026-08-24 05:59:59.999000+00:00,68147832.1102698,188711,450.16346,34683316.2839906
2026-08-24 06:00:00+00:00,77149.39,77525.09,77071.0,77464.33,745.9839,2026-08-24 06:59:59.999000+00:00,57682422.63992,166666,507.36653,39234960.5852776
2026-08-24 07:00:00+00:00,77464.33,77790.19,77281.68,77307.15,681.33125,2026-08-24 07:59:59.999000+00:00,52810659.341508,159221,353.54854,27408924.7882315
2026-08-24 08:00:00+00:00,77307.14,77414.88,76838.0,77041.47,921.46444,2026-08-24 08:59:59.999000+00:00,71034785.6831845,157690,414.97625,31988943.7019177
2026-08-24 09:00:00+00:00,77041.46,77602.8,77028.0,77554.08,523.00977,2026-08-24 09:59:59.999000+00:00,40466601.677122,124679,322.92403,24985337.9824062
2026-08-24 10:00:00+00:00,77554.08,78017.0,77534.09,77617.22,1113.08488,2026-08-24 10:59:59.999000+00:00,86588346.7195708,186426,606.09738,47158014.3637504
2026-08-24 11:00:00+00:00,77617.23,78600.0,77450.0,78443.65,1324.46087,2026-08-24 11:59:59.999000+00:00,103547367.5882721,308662,783.69019,61265896.0206787
2026-08-24 12:00:00+00:00,78443.65,79326.48,77982.0,79159.99,1858.84351,2026-08-24 12:59:59.999000+00:00,146260745.1975264,401178,1098.44274,86428936.880784
2026-08-24 13:00:00+00:00,79159.98,79450.0,77851.9,78597.99,3300.58408,2026-08-24 13:59:59.999000+00:00,260022026.4544514,652189,1665.02126,131209328.0914739
2026-08-24 14:00:00+00:00,78597.99,79841.12,78597.99,79510.92,3230.14333,2026-08-24 14:59:59.999000+00:00,256271068.1894472,660428,1922.43212,152517293.6441013
2026-08-24 15:00:00+00:00,79510.93,80000.0,78824.78,79100.01,3666.17565,2026-08-24 15:59:59.999000+00:00,291552107.8968778,542942,1444.31918,114975269.4363674
2026-08-24 16:00:00+00:00,79100.01,79877.87,78901.1,79047.6,1877.28842,2026-08-24 16:59:59.999000+00:00,148990985.6199141,386751,859.24788,68226001.5332813
2026-08-24 17:00:00+00:00,79047.61,79198.0,78468.61,78761.14,1637.93002,2026-08-24 17:59:59.999000+00:00,129039279.4959225,420980,684.65106,53929072.771196
2026-08-24 18:00:00+00:00,78761.14,79084.22,78718.01,78928.35,783.83103,2026-08-24 18:59:59.999000+00:00,61876885.3701577,259731,462.57237,36517349.5925589
2026-08-24 19:00:00+00:00,78928.35,79118.42,78600.0,78758.0,1063.06502,2026-08-24 19:59:59.999000+00:00,83800960.7510937,221601,598.20032,47150330.6204733
2026-08-24 20:00:00+00:00,78757.99,78996.0,78560.0,78932.33,421.20967,2026-08-24 20:59:59.999000+00:00,33179294.0472709,141274,226.26505,17823622.4324348
2026-08-24 21:00:00+00:00,78932.33,79049.4,78853.43,78984.23,302.47665,2026-08-24 21:59:59.999000+00:00,23886504.4847471,78351,136.18181,10753743.5638731
2026-08-24 22:00:00+00:00,78984.23,78988.0,78692.0,78740.0,351.77026,2026-08-24 22:59:59.999000+00:00,27731006.4136195,105796,197.9453,15603031.2256934
2026-08-24 23:00:00+00:00,78740.0,79017.76,78622.13,78992.75,636.71946,2026-08-24 23:59:59.999000+00:00,50214791.4441099,118704,363.43144,28672421.7105843
2026-08-25 00:00:00+00:00,78992.76,79888.0,78715.63,79739.99,1133.49463,2026-08-25 00:59:59.999000+00:00,89834223.995557,371759,634.04468,50256706.9474371
2026-08-25 01:00:00+00:00,79739.99,79985.41,79478.0,79828.0,1067.23419,2026-08-25 01:59:59.999000+00:00,85119607.8600986,321899,534.96141,42668581.9712383
2026-08-25 02:00:00+00:00,79828.0,81272.62,79742.0,80649.63,3314.90532,2026-08-25 02:59:59.999000+00:00,267330675.4500555,556413,1931.55262,155738720.8845787
2026-08-25 03:00:00+00:00,80649.62,80956.0,80314.31,80488.01,1359.49076,2026-08-25 03:59:59.999000+00:00,109715709.7779998,317743,626.35235,50548551.9021337
2026-08-25 04:00:00+00:00,80488.01,80608.0,80150.0,80363.73,898.81211,2026-08-25 04:59:59.999000+00:00,72209008.3292984,245577,477.44393,38353726.1314395
2026-08-25 05:00:00+00:00,80363.74,80821.53,80322.0,80731.9,994.03992,2026-08-25 05:59:59.999000+00:00,80160737.1769619,213246,560.11103,45163365.2934581
2026-08-25 06:00:00+00:00,80731.9,80923.69,80420.0,80574.09,745.39881,2026-08-25 06:59:59.999000+00:00,60146317.5093145,173092,424.14008,34223890.7999291
2026-08-25 07:00:00+00:00,80574.09,80819.67,79369.17,79705.79,1307.68383,2026-08-25 07:59:59.999000+00:00,104800865.5756174,228617,599.58852,48070969.7327822
2026-08-25 08:00:00+00:00,79705.79,80249.0,79622.0,79930.77,788.31559,2026-08-25 08:59:59.999000+00:00,63045654.989184,210953,418.81942,33494972.501434
2026-08-25 09:00:00+00:00,79930.76,79958.0,78888.0,79187.2,1475.2851,2026-08-25 09:59:59.999000+00:00,117334438.3497655,296448,608.55281,48390639.7029719
2026-08-25 10:00:00+00:00,79187.2,79484.01,78992.0,79309.63,836.94668,2026-08-25 10:59:59.999000+00:00,66363504.4454018,211282,368.18052,29190950.6342808
2026-08-25 11:00:00+00:00,79309.63,79463.59,79044.18,79117.99,617.29432,2026-08-25 11:59:59.999000+00:00,48904938.3519271,202400,329.25635,26085170.630764
2026-08-25 12:00:00+00:00,79118.0,79171.88,78640.0,78980.0,1007.3407,2026-08-25 12:59:59.999000+00:00,79480933.32968,334380,419.82325,33129946.6983324
2026-08-25 13:00:00+00:00,78980.01,79222.0,78120.74,78647.99,1734.1222,2026-08-25 13:59:59.999000+00:00,136508936.0712811,474098,773.98228,60969826.5443913
2026-08-25 14:00:00+00:00,78648.0,79386.94,78531.55,79235.99,1216.06528,2026-08-25 14:59:59.999000+00:00,96163900.5313091,416847,660.39149,52220819.058323
2026-08-25 15:00:00+00:00,79236.0,79527.09,79020.04,79502.01,794.08262,2026-08-25 15:59:59.999000+00:00,62969457.1234839,258208,468.63248,37165066.859333
2026-08-25 16:00:00+00:00,79502.01,79563.71,79067.72,79156.02,676.1787,2026-08-25 16:59:59.999000+00:00,53614531.3960304,190786,324.24113,25702490.7237433
2026-08-25 17:00:00+00:00,79156.02,79256.08,78752.06,79240.01,747.28203,2026-08-25 17:59:59.999000+00:00,59056059.9322955,184548,468.72945,37045497.4614824
2026-08-25 18:00:00+00:00,79240.02,79380.0,79048.44,79128.0,469.50082,2026-08-25 18:59:59.999000+00:00,37196535.5183813,120528,271.62983,21519192.2595505
2026-08-25 19:00:00+00:00,79128.01,79233.57,78728.35,78925.95,702.86873,2026-08-25 19:59:59.999000+00:00,55501396.2535998,153843,364.96246,28820652.0905166
2026-08-25 20:00:00+00:00,78925.96,78976.0,78165.27,78206.13,777.55096,2026-08-25 20:59:59.999000+00:00,61060251.7330536,249022,282.80558,22216259.457776
2026-08-25 21:00:00+00:00,78206.14,78664.0,77851.0,78570.0,840.88883,2026-08-25 21:59:59.999000+00:00,65807214.8588979,282674,335.00073,26225995.285179
2026-08-25 22:00:00+00:00,78569.99,79000.0,78569.99,78889.51,577.33833,2026-08-25 22:59:59.999000+00:00,45504667.9585691,165429,357.70407,28194228.2714162
2026-08-25 23:00:00+00:00,78889.51,78977.49,78396.88,78539.14,690.39348,2026-08-25 23:59:59.999000+00:00,54340963.7568344,180410,392.52607,30897953.0122036
2026-08-26 00:00:00+00:00,78539.13,78721.48,78312.0,78631.79,680.65038,2026-08-26 00:59:59.999000+00:00,53433045.1424283,247766,385.57778,30272844.3721049
2026-08-26 01:00:00+00:00,78631.7,78960.0,78607.29,78815.13,572.39774,2026-08-26 01:59:59.999000+00:00,45105670.927672,168124,323.18718,25466522.1467739
2026-08-26 02:00:00+00:00,78815.13,79251.6,78748.56,79108.0,505.52805,2026-08-26 02:59:59.999000+00:00,39959522.9585548,155111,317.81514,25121403.2028106
2026-08-26 03:00:00+00:00,79108.01,79184.0,78900.0,79088.62,453.50631,2026-08-26 03:59:59.999000+00:00,35851259.5259866,104987,283.03897,22376688.7271978
2026-08-26 04:00:00+00:00,79088.61,79200.0,78790.68,78826.0,482.93427,2026-08-26 04:59:59.999000+00:00,38153194.825046,139395,248.3879,19624690.7082213
2026-08-26 05:00:00+00:00,78826.0,79143.62,78638.0,79085.98,515.23689,2026-08-26 05:59:59.999000+00:00,40669940.9266282,159065,316.28243,24964998.5786432
2026-08-26 06:00:00+00:00,79085.98,79206.0,78816.0,78947.92,459.3577,2026-08-26 06:59:59.999000+00:00,36276505.2811082,138853,239.46062,18912675.8326956
2026-08-26 07:00:00+00:00,78947.92,79096.0,78867.0,78925.56,516.24118,2026-08-26 07:59:59.999000+00:00,40773752.5470063,133538,276.51082,21838634.3290886
2026-08-26 08:00:00+00:00,78925.57,79119.37,78600.0,78707.59,995.42693,2026-08-26 08:59:59.999000+00:00,78538158.4962905,176225,282.74175,22314411.651791
2026-08-26 09:00:00+00:00,78707.59,78877.02,78244.83,78444.49,553.36821,2026-08-26 09:59:59.999000+00:00,43450154.3990895,186883,235.00152,18458064.6290992
2026-08-26 10:00:00+00:00,78444.5,78879.75,78291.09,78727.45,367.28381,2026-08-26 10:59:59.999000+00:00,28870549.8051215,151535,194.83731,15317196.5667346
2026-08-26 11:00:00+00:00,78727.46,78782.0,78317.0,78487.26,413.44093,2026-08-26 11:59:59.999000+00:00,32467808.9018965,144198,199.88935,15698362.5209286
2026-08-26 12:00:00+00:00,78487.26,78713.79,77918.25,78319.59,1022.94925,2026-08-26 12:59:59.999000+00:00,80126099.0453954,270220,470.75449,36882408.7279908
2026-08-26 13:00:00+00:00,78319.58,78554.0,77913.19,78448.66,943.22287,2026-08-26 13:59:59.999000+00:00,73800842.8667847,360394,436.08626,34128227.8767857
2026-08-26 14:00:00+00:00,78448.66,78603.41,77774.0,77790.48,1051.14695,2026-08-26 14:59:59.999000+00:00,82136106.3456808,320531,433.93689,33936808.7347081
2026-08-26 15:00:00+00:00,77790.48,78167.26,77632.58,78011.65,712.24119,2026-08-26 15:59:59.999000+00:00,55494172.8618462,238396,356.94528,27814682.8153169
2026-08-26 16:00:00+00:00,78011.64,78161.73,77858.0,77991.3,600.54786,2026-08-26 16:59:59.999000+00:00,46858312.9486844,165923,316.08281,24663148.2945479
2026-08-26 17:00:00+00:00,77991.29,78603.0,77991.29,78442.83,585.12324,2026-08-26 17:59:59.999000+00:00,45853184.7150591,162916,308.18009,24150473.8998136
2026-08-26 18:00:00+00:00,78442.84,78650.26,78280.01,78472.41,337.24489,2026-08-26 18:59:59.999000+00:00,26466240.389945,124570,164.82939,12935120.7271204
2026-08-26 19:00:00+00:00,78472.41,78572.0,78292.0,78475.49,466.85134,2026-08-26 19:59:59.999000+00:00,36621232.7097478,109473,267.17741,20958730.89997
2026-08-26 20:00:00+00:00,78475.49,78521.7,78200.0,78452.04,322.22426,2026-08-26 20:59:59.999000+00:00,25261198.9981886,97769,179.41229,14065252.9039594
2026-08-26 21:00:00+00:00,78452.04,78845.06,78392.19,78724.01,428.48439,2026-08-26 21:59:59.999000+00:00,33716144.9452141,162670,236.115,18579053.5267649
2026-08-26 22:00:00+00:00,78724.0,78975.85,78554.0,78700.0,931.26213,2026-08-26 22:59:59.999000+00:00,73316447.1794233,177288,450.85342,35488170.7300585
2026-08-26 23:00:00+00:00,78700.0,79174.12,78654.0,79023.75,697.0881,2026-08-26 23:59:59.999000+00:00,55036509.1364407,188697,376.16814,29697911.6964244
2026-08-27 00:00:00+00:00,79023.75,79028.49,78690.01,78690.01,527.82725,2026-08-27 00:59:59.999000+00:00,41623333.1800261,143223,276.48523,21801237.7913522
2026-08-27 01:00:00+00:00,78690.02,79017.99,78546.13,78898.67,520.71745,2026-08-27 01:59:59.999000+00:00,41009933.219678,177349,195.56998,15407765.5258481
2026-08-27 02:00:00+00:00,78898.68,78978.0,78704.62,78717.76,429.02181,2026-08-27 02:59:59.999000+00:00,33792927.4221554,112974,103.7905,8178870.0178097
2026-08-27 03:00:00+00:00,78717.76,78990.0,78643.23,78830.68,357.29079,2026-08-27 03:59:59.999000+00:00,28153241.9322289,117813,138.0677,10882914.1954679
2026-08-27 04:00:00+00:00,78830.68,78900.0,78684.18,78783.99,181.61392,2026-08-27 04:59:59.999000+00:00,14309854.1860129,91731,77.98245,6143894.6366298
2026-08-27 05:00:00+00:00,78783.99,78928.0,78600.0,78912.55,297.32854,2026-08-27 05:59:59.999000+00:00,23409213.4660011,92406,109.8449,8650138.4037037
2026-08-27 06:00:00+00:00,78912.54,78912.55,78604.78,78817.49,399.15003,2026-08-27 06:59:59.999000+00:00,31421828.5559551,109896,180.91549,14240468.5314112
2026-08-27 07:00:00+00:00,78817.5,79095.99,78754.0,79082.17,345.94116,2026-08-27 07:59:59.999000+00:00,27291199.0694968,90907,157.59858,12433665.0365096
2026-08-27 08:00:00+00:00,79082.18,80022.0,79048.0,79755.99,1705.62217,2026-08-27 08:59:59.999000+00:00,135896227.1269469,358346,884.24818,70443267.4044735
2026-08-27 09:00:00+00:00,79756.0,80520.0,79683.09,79986.0,1131.87984,2026-08-27 09:59:59.999000+00:00,90693075.6164478,309104,505.85634,40543886.9191842
2026-08-27 10:00:00+00:00,79986.0,80158.15,79342.0,79626.0,684.67175,2026-08-27 10:59:59.999000+00:00,54584954.7492795,257610,278.50705,22203660.0660731
2026-08-27 11:00:00+00:00,79625.99,79766.3,79172.65,79477.67,621.11446,2026-08-27 11:59:59.999000+00:00,49375138.5187734,199214,282.5508,22466242.4772253
2026-08-27 12:00:00+00:00,79477.66,79596.0,79266.0,79282.31,505.96518,2026-08-27 12:59:59.999000+00:00,40179728.2055449,207952,227.37949,18056048.837228
2026-08-27 13:00:00+00:00,79282.31,79568.0,78920.0,79533.15,1143.32188,2026-08-27 13:59:59.999000+00:00,90621849.9647169,417403,481.10835,38135157.9044812
2026-08-27 14:00:00+00:00,79533.16,80388.0,79354.47,80204.05,1464.1918,2026-08-27 14:59:59.999000+00:00,116997231.8360018,506222,702.27287,56111672.5537956
2026-08-27 15:00:00+00:00,80204.06,80799.91,80094.0,80302.32,1415.34964,2026-08-27 15:59:59.999000+00:00,113895603.2442265,465136,684.4066,55076996.5051975
2026-08-27 16:00:00+00:00,80302.32,80624.0,80189.39,80374.0,957.98058,2026-08-27 16:59:59.999000+00:00,77046613.1901441,300825,396.09147,31856748.8468317
2026-08-27 17:00:00+00:00,80374.0,80848.74,80230.0,80442.46,973.76075,2026-08-27 17:59:59.999000+00:00,78514145.6144835,266455,428.7885,34574472.331369
2026-08-27 18:00:00+00:00,80442.47,80442.47,79749.7,80150.69,662.82544,2026-08-27 18:59:59.999000+00:00,53060183.7033412,190313,294.95062,23608285.77422
2026-08-27 19:00:00+00:00,80150.69,80294.11,79886.0,79910.19,514.60852,2026-08-27 19:59:59.999000+00:00,41211931.8147642,116971,237.64322,19031852.0794536
2026-08-27 20:00:00+00:00,79910.19,80120.0,79882.86,80096.0,282.87253,2026-08-27 20:59:59.999000+00:00,22629535.2381122,98189,141.90755,11352149.0746197
2026-08-27 21:00:00+00:00,80096.0,80184.0,79975.74,80184.0,278.41542,2026-08-27 21:59:59.999000+00:00,22293872.9034422,85989,112.14464,8979664.242724
2026-08-27 22:00:00+00:00,80184.0,80432.36,80150.0,80303.21,534.24073,2026-08-27 22:59:59.999000+00:00,42882233.1678386,113662,283.61881,22764257.913972
2026-08-27 23:00:00+00:00,80303.21,80393.6,80134.0,80249.58,329.82531,2026-08-27 23:59:59.999000+00:00,26476519.5478606,102595,176.77115,14190761.6957137
2026-08-28 00:00:00+00:00,80249.59,80705.37,80153.99,80576.0,516.59696,2026-08-28 00:59:59.999000+00:00,41529124.0429174,158955,292.40267,23506213.9297283
2026-08-28 01:00:00+00:00,80575.99,81478.87,80434.15,80500.38,1463.05089,2026-08-28 01:59:59.999000+00:00,118472216.9955537,336893,822.76071,66629305.541642
2026-08-28 02:00:00+00:00,80500.38,80500.38,79723.02,79926.11,1190.20509,2026-08-28 02:59:59.999000+00:00,95301649.7733679,283107,511.68045,40963491.4289771
2026-08-28 03:00:00+00:00,79926.11,80060.01,79775.61,79810.49,530.69453,2026-08-28 03:59:59.999000+00:00,42406424.1591113,135164,252.16982,20146775.9266934
2026-08-28 04:00:00+00:00,79810.48,79970.5,79603.81,79643.81,562.86792,2026-08-28 04:59:59.999000+00:00,44900561.0172619,130968,316.49923,25252227.5538296
2026-08-28 05:00:00+00:00,79643.8,79872.6,79558.11,79686.0,326.58104,2026-08-28 05:59:59.999000+00:00,26025090.22424,109319,156.91806,12506675.9867274
2026-08-28 06:00:00+00:00,79686.0,79999.0,79685.99,79904.21,359.1323,2026-08-28 06:59:59.999000+00:00,28686566.8232217,137101,187.59997,14985274.8681856
2026-08-28 07:00:00+00:00,79904.21,79904.21,79573.36,79660.0,1018.10642,2026-08-28 07:59:59.999000+00:00,81126215.9537584,143015,241.25446,19221637.9131866
2026-08-28 08:00:00+00:00,79660.0,79840.0,79480.0,79516.78,526.20796,2026-08-28 08:59:59.999000+00:00,41943337.2368406,119763,235.7211,18796904.4731488
2026-08-28 09:00:00+00:00,79516.77,79516.78,79259.43,79285.19,541.74443,2026-08-28 09:59:59.999000+00:00,42996339.9890582,124282,283.24118,22482369.7948923
2026-08-28 10:00:00+00:00,79285.19,79571.99,79001.01,79565.89,548.77151,2026-08-28 10:59:59.999000+00:00,43482645.1831792,129610,278.04255,22037183.1915582
2026-08-28 11:00:00+00:00,79565.9,79770.29,79555.22,79604.13,394.07937,2026-08-28 11:59:59.999000+00:00,31391715.1290831,96837,163.12457,12994111.8270574
2026-08-28 12:00:00+00:00,79604.12,79727.36,79306.11,79421.05,400.05317,2026-08-28 12:59:59.999000+00:00,31801379.6783511,113842,172.31828,13699285.0375819
2026-08-28 13:00:00+00:00,79421.04,79635.01,79034.56,79330.75,843.2247,2026-08-28 13:59:59.999000+00:00,66877783.0056364,217173,461.17816,36584174.9876642
2026-08-28 14:00:00+00:00,79330.34,79706.64,78423.03,79542.44,2930.13002,2026-08-28 14:59:59.999000+00:00,231632508.5884494,630673,1392.18807,110138064.1287239
2026-08-28 15:00:00+00:00,79542.44,79838.73,78312.64,78331.13,1255.01594,2026-08-28 15:59:59.999000+00:00,99196388.195836,307203,600.0394,47463476.2278741
2026-08-28 16:00:00+00:00,78331.13,78404.0,76888.0,77788.46,2955.61638,2026-08-28 16:59:59.999000+00:00,229617149.194759,661307,1335.49859,103754417.6215149
2026-08-28 17:00:00+00:00,77788.45,78131.86,77642.78,77904.0,722.76014,2026-08-28 17:59:59.999000+00:00,56273827.7336849,254944,352.46987,27444898.77299
2026-08-28 18:00:00+00:00,77904.0,77935.5,77270.0,77554.0,575.36359,2026-08-28 18:59:59.999000+00:00,44617320.7190801,186420,238.76721,18513797.9381251
2026-08-28 19:00:00+00:00,77554.0,77797.35,77376.0,77580.03,501.052,2026-08-28 19:59:59.999000+00:00,38888067.8633988,167896,240.59738,18677052.2851362
2026-08-28 20:00:00+00:00,77580.03,77609.83,77310.24,77407.34,264.10726,2026-08-28 20:59:59.999000+00:00,20461720.3560632,119611,118.59606,9188001.1599275
2026-08-28 21:00:00+00:00,77407.34,77537.33,77255.69,77364.0,392.38715,2026-08-28 21:59:59.999000+00:00,30371849.8381204,98500,169.82544,13145027.8324877
2026-08-28 22:00:00+00:00,77364.0,77773.2,77342.0,77758.69,339.14252,2026-08-28 22:59:59.999000+00:00,26322577.5380041,96411,213.33791,16562424.2680279
2026-08-28 23:00:00+00:00,77758.69,77846.72,77640.74,77845.87,599.54517,2026-08-28 23:59:59.999000+00:00,46605143.0399638,63163,264.17857,20535646.6053762
2026-08-29 00:00:00+00:00,77845.88,77963.92,77722.0,77733.63,321.80979,2026-08-29 00:59:59.999000+00:00,25044555.3211872,83797,164.85814,12830962.7036592
2026-08-29 01:00:00+00:00,77733.63,77849.29,77631.28,77794.11,235.06968,2026-08-29 01:59:59.999000+00:00,18275809.9943395,70824,110.79332,8615791.643669
2026-08-29 02:00:00+00:00,77794.11,77829.72,77584.53,77671.18,367.62079,2026-08-29 02:59:59.999000+00:00,28549355.9981819,82768,169.09058,13130834.6499873
2026-08-29 03:00:00+00:00,77671.18,77731.43,77507.16,77507.17,238.89187,2026-08-29 03:59:59.999000+00:00,18548329.0497146,92320,103.55766,8041283.0217432
2026-08-29 04:00:00+00:00,77507.17,77678.67,77507.17,77648.91,229.90598,2026-08-29 04:59:59.999000+00:00,17844069.2769507,71140,104.75521,8130037.1737477
2026-08-29 05:00:00+00:00,77648.91,77716.12,77604.06,77632.53,195.32253,2026-08-29 05:59:59.999000+00:00,15170676.3341825,55572,107.49272,8349195.4852351
2026-08-29 06:00:00+00:00,77632.52,77632.53,77382.37,77466.82,305.02922,2026-08-29 06:59:59.999000+00:00,23629366.1681888,58379,137.154,10624122.5422508
2026-08-29 07:00:00+00:00,77466.83,77672.0,77438.01,77626.01,933.89852,2026-08-29 07:59:59.999000+00:00,72475362.6852092,95716,477.76825,37075780.0009667
2026-08-29 08:00:00+00:00,77626.01,77634.0,77487.73,77633.99,281.67849,2026-08-29 08:59:59.999000+00:00,21845925.0965108,56485,159.14473,12341644.5928448
2026-08-29 09:00:00+00:00,77634.0,77754.23,77566.01,77650.03,212.52791,2026-08-29 09:59:59.999000+00:00,16503770.4074124,45036,95.02491,7379302.5477298
2026-08-29 10:00:00+00:00,77650.02,77732.0,77526.0,77635.17,228.16206,2026-08-29 10:59:59.999000+00:00,17717885.8376737,48040,126.04868,9787566.3242298
2026-08-29 11:00:00+00:00,77635.17,77724.99,77573.32,77584.67,269.60514,2026-08-29 11:59:59.999000+00:00,20930580.7821991,42626,153.61847,11924501.9652346
2026-08-29 12:00:00+00:00,77584.66,77657.99,77506.63,77583.74,316.37633,2026-08-29 12:59:59.999000+00:00,24546251.4350871,46809,215.65037,16731797.4318536
2026-08-29 13:00:00+00:00,77583.74,77722.0,77559.45,77704.32,195.58499,2026-08-29 13:59:59.999000+00:00,15189189.7606076,46094,73.43337,5702638.6467998
2026-08-29 14:00:00+00:00,77704.32,78150.0,77663.83,78014.37,456.42164,2026-08-29 14:59:59.999000+00:00,35546019.5651539,101035,287.76562,22415388.084231
2026-08-29 15:00:00+00:00,78014.37,78014.37,77806.9,77865.36,314.87544,2026-08-29 15:59:59.999000+00:00,24531865.2277434,82597,169.03662,13168684.1795123
2026-08-29 16:00:00+00:00,77865.36,78130.43,77858.29,78027.17,330.48346,2026-08-29 16:59:59.999000+00:00,25775696.511505,90610,159.61053,12448656.6084475
2026-08-29 17:00:00+00:00,78027.17,78100.0,77896.0,78100.0,210.10626,2026-08-29 17:59:59.999000+00:00,16393221.3307777,64164,108.48902,8465319.544957
2026-08-29 18:00:00+00:00,78099.99,78250.0,78018.02,78158.01,252.93546,2026-08-29 18:59:59.999000+00:00,19762803.4166617,63302,142.19542,11109841.2122522
2026-08-29 19:00:00+00:00,78158.01,78330.0,78138.87,78182.0,231.34566,2026-08-29 19:59:59.999000+00:00,18101311.5653473,61519,115.78928,9059810.9930982
2026-08-29 20:00:00+00:00,78181.99,78298.0,78117.95,78129.92,132.29288,2026-08-29 20:59:59.999000+00:00,10344245.0568532,43422,63.60239,4973384.7158995
2026-08-29 21:00:00+00:00,78129.92,78198.0,78062.0,78161.63,132.03751,2026-08-29 21:59:59.999000+00:00,10315284.6881125,47059,66.003,5156425.2832085
2026-08-29 22:00:00+00:00,78161.62,78239.4,78086.0,78228.34,298.22816,2026-08-29 22:59:59.999000+00:00,23310723.845831,33251,119.45309,9336347.6808129
2026-08-29 23:00:00+00:00,78228.33,78283.7,78190.0,78230.0,326.0928,2026-08-29 23:59:59.999000+00:00,25515685.4931469,37321,164.56125,12876856.8393221
2026-08-30 00:00:00+00:00,78230.0,78330.0,78147.17,78179.86,185.20224,2026-08-30 00:59:59.999000+00:00,14486529.7152652,55627,89.18648,6976550.4422595
2026-08-30 01:00:00+00:00,78179.86,78190.0,77994.02,78081.5,257.05271,2026-08-30 01:59:59.999000+00:00,20066684.7905717,59042,116.30232,9078617.7660642
2026-08-30 02:00:00+00:00,78081.49,78178.02,78014.74,78106.01,119.64466,2026-08-30 02:59:59.999000+00:00,9343393.4165773,45798,58.39949,4560378.1104477
2026-08-30 03:00:00+00:00,78106.0,78233.7,78065.99,78144.68,254.40453,2026-08-30 03:59:59.999000+00:00,19878537.2482579,49034,165.11753,12902332.3327471
2026-08-30 04:00:00+00:00,78144.68,78220.0,77990.0,78109.75,215.53426,2026-08-30 04:59:59.999000+00:00,16832328.5540141,42000,104.12096,8131989.2856884
2026-08-30 05:00:00+00:00,78109.74,78214.0,78109.74,78127.71,161.29313,2026-08-30 05:59:59.999000+00:00,12605166.6661934,24796,81.30708,6354118.4917258
2026-08-30 06:00:00+00:00,78127.72,78310.71,78106.07,78280.34,208.68022,2026-08-30 06:59:59.999000+00:00,16321247.0738326,41446,140.4713,10986808.8962349
2026-08-30 07:00:00+00:00,78280.34,78291.27,78118.0,78118.0,137.5055,2026-08-30 07:59:59.999000+00:00,10751032.1586507,24639,61.45122,4804403.5419621
2026-08-30 08:00:00+00:00,78118.0,78207.22,78034.0,78074.01,143.67594,2026-08-30 08:59:59.999000+00:00,11224795.307815,41261,66.63939,5206052.8596403
2026-08-30 09:00:00+00:00,78074.01,78118.87,77986.0,78000.01,165.26795,2026-08-30 09:59:59.999000+00:00,12897144.5234652,43715,62.43516,4872563.0849905
2026-08-30 10:00:00+00:00,78000.01,78145.29,77962.49,78145.29,168.30514,2026-08-30 10:59:59.999000+00:00,13137638.4940704,40508,87.61223,6838866.3032194
2026-08-30 11:00:00+00:00,78145.29,78242.0,78117.11,78166.0,172.04094,2026-08-30 11:59:59.999000+00:00,13449042.9722711,45439,81.34751,6359040.1969565
2026-08-30 12:00:00+00:00,78165.99,78850.81,78165.99,78785.06,814.10982,2026-08-30 12:59:59.999000+00:00,63968836.7460474,168381,444.15199,34898161.3159802
2026-08-30 13:00:00+00:00,78785.06,78966.76,78590.14,78860.0,488.8202,2026-08-30 13:59:59.999000+00:00,38512958.5562107,122217,228.1681,17978009.5113304
2026-08-30 14:00:00+00:00,78860.01,78945.94,78722.0,78783.71,439.32977,2026-08-30 14:59:59.999000+00:00,34639082.708062,90956,196.72738,15510133.7154298
2026-08-30 15:00:00+00:00,78783.7,78912.94,78626.0,78823.63,553.82108,2026-08-30 15:59:59.999000+00:00,43625230.3141036,123696,252.6981,19905722.2531284
2026-08-30 16:00:00+00:00,78823.62,79400.0,78750.0,79337.93,667.56388,2026-08-30 16:59:59.999000+00:00,52807026.2975209,227923,364.53661,28835546.8378038
2026-08-30 17:00:00+00:00,79337.93,79337.93,78774.85,79021.02,460.72685,2026-08-30 17:59:59.999000+00:00,36409326.8676528,156639,192.00166,15171903.8075118
2026-08-30 18:00:00+00:00,79021.02,79181.99,78776.0,79036.69,293.7787,2026-08-30 18:59:59.999000+00:00,23199034.4512113,102898,148.62857,11736253.4624733
2026-08-30 19:00:00+00:00,79036.68,79041.96,78721.98,78856.39,232.19118,2026-08-30 19:59:59.999000+00:00,18323014.7523472,73674,93.88394,7408654.3188551
2026-08-30 20:00:00+00:00,78856.39,78931.49,78438.23,78597.33,294.2134,2026-08-30 20:59:59.999000+00:00,23159701.8692137,104648,128.52156,10120310.2948237
2026-08-30 21:00:00+00:00,78597.32,78733.77,78229.82,78653.0,461.41088,2026-08-30 21:59:59.999000+00:00,36219144.856615,143728,205.34082,16123380.6317228
2026-08-30 22:00:00+00:00,78653.0,78804.0,78280.0,78422.01,390.42367,2026-08-30 22:59:59.999000+00:00,30647854.0977401,180929,171.75436,13484326.9825536
2026-08-30 23:00:00+00:00,78422.01,78454.0,77000.0,77682.0,1800.4274,2026-08-30 23:59:59.999000+00:00,140001787.1267555,395928,773.53993,60188742.9029618
2026-08-31 00:00:00+00:00,77682.0,78185.89,77436.4,77937.04,711.43379,2026-08-31 00:59:59.999000+00:00,55360956.3400755,231415,364.76246,28391430.3666394
2026-08-31 01:00:00+00:00,77937.03,77993.03,77565.08,77640.94,567.26058,2026-08-31 01:59:59.999000+00:00,44099982.3646601,239052,255.01238,19826232.5668129
2026-08-31 02:00:00+00:00,77640.93,78000.0,77392.0,77473.99,573.39934,2026-08-31 02:59:59.999000+00:00,44571951.9356617,173143,345.41556,26857082.3274404
2026-08-31 03:00:00+00:00,77474.0,77872.0,77394.0,77756.71,278.92536,2026-08-31 03:59:59.999000+00:00,21668121.1728681,118748,152.93235,11880039.0456708
2026-08-31 04:00:00+00:00,77756.7,77769.11,77458.83,77622.28,550.02773,2026-08-31 04:59:59.999000+00:00,42657623.1153372,121607,310.6392,24088535.3246439
2026-08-31 05:00:00+00:00,77622.29,78156.78,77514.0,78016.0,511.92091,2026-08-31 05:59:59.999000+00:00,39886514.1354307,189845,304.7978,23747983.4424593
2026-08-31 06:00:00+00:00,78016.01,78156.77,77864.16,78093.87,968.0221,2026-08-31 06:59:59.999000+00:00,75553014.3465281,161967,459.01655,35826120.2806981
2026-08-31 07:00:00+00:00,78093.88,78322.56,78034.01,78196.01,716.03378,2026-08-31 07:59:59.999000+00:00,55972072.0159872,159758,329.23211,25736451.995413
2026-08-31 08:00:00+00:00,78196.01,78521.89,77982.0,78480.8,782.74546,2026-08-31 08:59:59.999000+00:00,61270278.002399,198166,492.12493,38536295.1205398
2026-08-31 09:00:00+00:00,78480.79,78802.0,78396.35,78511.03,624.76686,2026-08-31 09:59:59.999000+00:00,49126113.8183345,187043,307.37441,24167280.7757276
2026-08-31 10:00:00+00:00,78511.03,78732.0,78316.91,78710.01,576.71834,2026-08-31 10:59:59.999000+00:00,45275075.8061868,140563,356.70789,28004532.1894341
2026-08-31 11:00:00+00:00,78710.02,78710.02,78302.0,78315.43,482.35572,2026-08-31 11:59:59.999000+00:00,37865204.1414614,117644,192.88418,15142107.5654814
2026-08-31 12:00:00+00:00,78315.43,78543.86,77675.04,77930.39,816.61258,2026-08-31 12:59:59.999000+00:00,63787889.7336572,266690,320.42336,25029255.1644794
2026-08-31 13:00:00+00:00,77930.4,78282.0,77716.75,77867.39,1083.2716,2026-08-31 13:59:59.999000+00:00,84481767.1887306,401876,522.83505,40777748.4238262
2026-08-31 14:00:00+00:00,77867.39,78686.94,77746.6,78600.14,1368.66274,2026-08-31 14:59:59.999000+00:00,107089319.4381169,378195,806.57194,63132005.2937558
2026-08-31 15:00:00+00:00,78601.93,78777.9,78212.3,78580.42,1119.65651,2026-08-31 15:59:59.999000+00:00,87907139.5197274,269808,630.74683,49518667.0714091
2026-08-31 16:00:00+00:00,78580.43,78884.48,78524.0,78639.57,576.26452,2026-08-31 16:59:59.999000+00:00,45336123.1350797,187411,296.00316,23289460.8196621
2026-08-31 17:00:00+00:00,78639.57,79019.86,78494.0,78897.36,604.69852,2026-08-31 17:59:59.999000+00:00,47632868.2810797,180507,365.15982,28767017.5399701
2026-08-31 18:00:00+00:00,78897.35,79212.0,78779.24,79016.0,473.51591,2026-08-31 18:59:59.999000+00:00,37412001.4350109,155159,263.58814,20825128.9963528
2026-08-31 19:00:00+00:00,79016.01,79250.0,78851.93,78898.06,423.46335,2026-08-31 19:59:59.999000+00:00,33483864.9391392,151293,209.67417,16578899.432698
2026-08-31 20:00:00+00:00,78898.06,79172.0,78784.32,78864.72,366.68341,2026-08-31 20:59:59.999000+00:00,28941395.7698767,94763,194.44178,15345150.467925
2026-08-31 21:00:00+00:00,78864.73,79071.12,78732.22,78964.32,404.71113,2026-08-31 21:59:59.999000+00:00,31939620.9428443,83010,239.11198,18870141.5375122
2026-08-31 22:00:00+00:00,78964.33,79015.83,78579.3,78593.15,346.21313,2026-08-31 22:59:59.999000+00:00,27269635.3033247,77678,205.00686,16146570.8373611
2026-08-31 23:00:00+00:00,78593.15,78593.61,78405.01,78581.29,376.54265,2026-08-31 23:59:59.999000+00:00,29569649.3559022,69396,226.17219,17760714.7717094
2026-09-01 00:00:00+00:00,78581.3,78900.01,78562.0,78652.0,522.70913,2026-09-01 00:59:59.999000+00:00,41160252.3008972,90560,336.2322,26474473.1573222
2026-09-01 01:00:00+00:00,78652.0,78797.99,78375.83,78410.62,440.9443,2026-09-01 01:59:59.999000+00:00,34636356.7048832,93552,237.71264,18673587.6303512
2026-09-01 02:00:00+00:00,78410.62,78457.55,78189.93,78449.99,524.89493,2026-09-01 02:59:59.999000+00:00,41109592.5149151,105652,291.37786,22820156.1321054
2026-09-01 03:00:00+00:00,78449.99,78874.0,78400.18,78679.01,542.2064,2026-09-01 03:59:59.999000+00:00,42665617.9388869,113731,201.80206,15870508.7307811
2026-09-01 04:00:00+00:00,78679.01,78915.09,78653.96,78727.11,444.12648,2026-09-01 04:59:59.999000+00:00,34968841.6106663,81525,252.22083,19857725.9225891
2026-09-01 05:00:00+00:00,78727.11,79220.61,78727.11,79179.99,546.96321,2026-09-01 05:59:59.999000+00:00,43215526.7897346,139563,367.6978,29046715.2902302
2026-09-01 06:00:00+00:00,79179.99,79179.99,78745.38,78745.39,464.70536,2026-09-01 06:59:59.999000+00:00,36677350.3853849,107181,280.39984,22128814.3694351
2026-09-01 07:00:00+00:00,78745.39,78806.0,78500.0,78632.37,405.713,2026-09-01 07:59:59.999000+00:00,31916443.8690697,113433,163.92095,12898584.1137608
2026-09-01 08:00:00+00:00,78632.37,78658.01,77820.0,77883.28,939.11065,2026-09-01 08:59:59.999000+00:00,73318923.4874396,285101,467.29323,36480576.759625
2026-09-01 09:00:00+00:00,77883.28,78062.24,77786.18,77915.0,951.34245,2026-09-01 09:59:59.999000+00:00,74131405.2839348,164648,658.2051,51292391.5507013
2026-09-01 10:00:00+00:00,77915.0,78196.0,77758.69,78029.67,423.94155,2026-09-01 10:59:59.999000+00:00,33064705.8298815,146353,212.4853,16573825.3622897
2026-09-01 11:00:00+00:00,78029.67,78202.52,77890.0,78098.97,337.44732,2026-09-01 11:59:59.999000+00:00,26336537.1819046,123215,177.94101,13888379.6833721
2026-09-01 12:00:00+00:00,78098.96,78156.0,77742.01,78004.0,474.45626,2026-09-01 12:59:59.999000+00:00,36989970.3106316,144497,212.33553,16553889.0354266
2026-09-01 13:00:00+00:00,78004.01,78202.0,77510.0,78071.99,1285.21254,2026-09-01 13:59:59.999000+00:00,100019632.1912717,328526,640.88379,49873470.5210047
2026-09-01 14:00:00+00:00,78072.0,78424.0,78052.0,78167.99,800.55583,2026-09-01 14:59:59.999000+00:00,62663911.1621942,231720,405.27556,31722389.1386307
2026-09-01 15:00:00+00:00,78168.0,78169.69,77727.61,77919.06,560.10608,2026-09-01 15:59:59.999000+00:00,43631741.2667367,165388,256.17459,19954287.1133156
2026-09-01 16:00:00+00:00,77919.07,77976.0,77318.0,77596.01,692.23833,2026-09-01 16:59:59.999000+00:00,53703500.8855215,195360,289.8627,22488436.9177977
2026-09-01 17:00:00+00:00,77596.01,77721.26,77241.12,77265.79,484.76204,2026-09-01 17:59:59.999000+00:00,37569508.8719595,133839,206.28247,15992423.9769401
2026-09-01 18:00:00+00:00,77265.79,77319.64,76420.0,77153.9,1485.89835,2026-09-01 18:59:59.999000+00:00,114250942.36735,308625,563.76262,43348758.6150315
2026-09-01 19:00:00+00:00,77153.89,77466.55,77112.0,77312.0,445.04268,2026-09-01 19:59:59.999000+00:00,34392130.6255045,153845,242.69299,18756541.6441987
2026-09-01 20:00:00+00:00,77312.0,77471.9,77236.48,77448.45,266.37627,2026-09-01 20:59:59.999000+00:00,20611023.1088106,104602,138.08612,10684246.0267745
2026-09-01 21:00:00+00:00,77448.46,77516.3,76920.36,77211.32,414.9871,2026-09-01 21:59:59.999000+00:00,32019439.5431477,144966,186.03385,14350021.1868481
2026-09-01 22:00:00+00:00,77211.32,77364.01,77030.0,77274.02,335.29844,2026-09-01 22:59:59.999000+00:00,25882223.1704231,95770,151.00211,11657774.9917355
2026-09-01 23:00:00+00:00,77274.02,77638.18,77218.0,77439.0,341.60079,2026-09-01 23:59:59.999000+00:00,26451699.2501798,91153,188.46396,14593580.3590887
2026-09-02 00:00:00+00:00,77439.01,77512.0,77132.0,77213.25,352.51719,2026-09-02 00:59:59.999000+00:00,27259232.4424659,102604,168.09409,12996908.599999
2026-09-02 01:00:00+00:00,77213.24,77372.0,76718.48,77020.68,661.59711,2026-09-02 01:59:59.999000+00:00,50993069.6100868,159137,303.28153,23378770.5493077
2026-09-02 02:00:00+00:00,77020.67,77343.74,76948.97,77329.2,437.17945,2026-09-02 02:59:59.999000+00:00,33741152.0188612,148395,270.60642,20886282.5886011
2026-09-02 03:00:00+00:00,77329.2,77792.0,77314.51,77563.5,618.37453,2026-09-02 03:59:59.999000+00:00,47965092.3021841,179529,357.51722,27731284.9343684
2026-09-02 04:00:00+00:00,77563.5,77612.84,77294.56,77561.82,299.9271,2026-09-02 04:59:59.999000+00:00,23234243.1437474,93055,167.18115,12950828.992861
2026-09-02 05:00:00+00:00,77561.82,77761.93,77438.0,77651.07,341.8285,2026-09-02 05:59:59.999000+00:00,26540903.4197318,114750,172.26874,13374683.0509196
2026-09-02 06:00:00+00:00,77651.08,77724.0,77462.0,77611.54,397.05137,2026-09-02 06:59:59.999000+00:00,30813549.5636101,106101,194.84751,15120950.888552
2026-09-02 07:00:00+00:00,77611.53,77765.99,77473.84,77473.85,515.9071,2026-09-02 07:59:59.999000+00:00,40029235.0722052,105104,241.78819,18760005.7385798
2026-09-02 08:00:00+00:00,77473.86,77546.0,76746.81,76854.11,705.11459,2026-09-02 08:59:59.999000+00:00,54393253.1673044,157280,353.33066,27249460.1848348
2026-09-02 09:00:00+00:00,76854.11,77049.4,76484.64,76752.26,1036.05232,2026-09-02 09:59:59.999000+00:00,79490076.2081728,198501,564.33657,43299201.2329128
2026-09-02 10:00:00+00:00,76752.26,76753.83,76264.0,76680.88,924.89427,2026-09-02 10:59:59.999000+00:00,70777656.1678783,165139,436.27318,33391894.7593044
2026-09-02 11:00:00+00:00,76680.88,76848.73,76356.0,76828.76,641.75915,2026-09-02 11:59:59.999000+00:00,49175296.1193464,169221,373.60001,28629866.431039
2026-09-02 12:00:00+00:00,76828.75,77049.4,76611.67,76613.88,581.91449,2026-09-02 12:59:59.999000+00:00,44705399.4619913,133844,310.10599,23828836.6476299
2026-09-02 13:00:00+00:00,76613.87,77443.61,76613.87,77146.0,812.83227,2026-09-02 13:59:59.999000+00:00,62582744.2960834,256420,456.03474,35113253.6864261
2026-09-02 14:00:00+00:00,77146.0,77490.0,77010.24,77066.42,555.40079,2026-09-02 14:59:59.999000+00:00,42896658.6781076,201789,288.32914,22272844.1254628
2026-09-02 15:00:00+00:00,77066.42,77386.0,76748.01,77288.98,824.93813,2026-09-02 15:59:59.999000+00:00,63589769.5446424,220698,352.07808,27141953.7163947
2026-09-02 16:00:00+00:00,77288.97,77582.0,77171.5,77171.5,1179.92404,2026-09-02 16:59:59.999000+00:00,91376850.0615902,165560,572.1254,44301149.0424212
2026-09-02 17:00:00+00:00,77171.51,77406.0,76950.56,77381.66,465.02159,2026-09-02 17:59:59.999000+00:00,35888319.904288,129111,254.84207,19665572.6891685
2026-09-02 18:00:00+00:00,77381.65,77524.0,77296.52,77377.76,374.99513,2026-09-02 18:59:59.999000+00:00,29028999.8869148,96880,156.26,12094658.442738
2026-09-02 19:00:00+00:00,77377.76,77416.0,77124.0,77341.47,289.4138,2026-09-02 19:59:59.999000+00:00,22362121.1198652,87259,134.12701,10363403.0204124
2026-09-02 20:00:00+00:00,77341.48,77520.0,77207.47,77406.01,382.13526,2026-09-02 20:59:59.999000+00:00,29576149.282717,95684,226.50911,17530840.072999
2026-09-02 21:00:00+00:00,77406.0,77431.78,77242.0,77284.0,291.06451,2026-09-02 21:59:59.999000+00:00,22508523.1601918,90854,116.91879,9040709.3785996
2026-09-02 22:00:00+00:00,77284.01,77284.01,77023.11,77034.03,188.20028,2026-09-02 22:59:59.999000+00:00,14511772.7917841,76920,90.3961,6970020.822737
2026-09-02 23:00:00+00:00,77034.03,77372.62,77007.36,77340.01,192.93523,2026-09-02 23:59:59.999000+00:00,14893045.1637532,58657,86.53126,6679914.0975399
2026-09-03 00:00:00+00:00,77340.01,77394.0,76980.01,77068.01,327.32527,2026-09-03 00:59:59.999000+00:00,25246388.2933049,92205,164.9479,12723473.744274
2026-09-03 01:00:00+00:00,77068.0,77546.8,76968.0,77356.7,533.28645,2026-09-03 01:59:59.999000+00:00,41252307.5052946,138834,306.71624,23722240.6708569
2026-09-03 02:00:00+00:00,77356.69,77900.0,77238.89,77816.01,563.52004,2026-09-03 02:59:59.999000+00:00,43743957.9204206,140123,338.33307,26265735.1703228
2026-09-03 03:00:00+00:00,77816.02,77880.0,77642.09,77708.0,385.93335,2026-09-03 03:59:59.999000+00:00,30008657.7000276,72216,178.99132,13917179.4055603
2026-09-03 04:00:00+00:00,77708.01,77833.1,77547.16,77776.0,336.15526,2026-09-03 04:59:59.999000+00:00,26114310.8206329,70635,160.13536,12439414.9642492
2026-09-03 05:00:00+00:00,77775.99,77829.8,77101.01,77809.91,617.52986,2026-09-03 05:59:59.999000+00:00,47867468.5713828,160539,327.77946,25411298.4735342
2026-09-03 06:00:00+00:00,77809.91,77856.16,77698.75,77835.19,408.13131,2026-09-03 06:59:59.999000+00:00,31739177.7571001,80580,232.35987,18070723.206757
2026-09-03 07:00:00+00:00,77835.2,78183.91,77600.0,77663.15,696.21966,2026-09-03 07:59:59.999000+00:00,54266550.8457112,165170,392.92812,30625367.9766795
2026-09-03 08:00:00+00:00,77663.14,78066.0,77663.14,77843.34,363.22912,2026-09-03 08:59:59.999000+00:00,28295515.0033759,126495,182.17587,14191118.6846241
2026-09-03 09:00:00+00:00,77843.34,77975.46,77608.0,77615.24,341.00857,2026-09-03 09:59:59.999000+00:00,26518544.2481724,121647,183.2475,14251458.4713807
2026-09-03 10:00:00+00:00,77615.25,77773.26,77478.0,77735.88,406.3926,2026-09-03 10:59:59.999000+00:00,31537803.0368202,127753,220.50401,17111293.7892113
2026-09-03 11:00:00+00:00,77735.88,78004.94,77709.52,77948.39,396.769,2026-09-03 11:59:59.999000+00:00,30904556.6573276,138937,216.39992,16855218.9928086
2026-09-03 12:00:00+00:00,77948.39,78782.75,77896.07,78652.38,979.94222,2026-09-03 12:59:59.999000+00:00,76741938.5922532,237253,590.82503,46273313.5531067
2026-09-03 13:00:00+00:00,78652.37,79000.0,78450.25,78840.52,1052.74377,2026-09-03 13:59:59.999000+00:00,82875868.4486465,263867,511.29123,40257778.8000343
2026-09-03 14:00:00+00:00,78840.52,80561.0,78704.0,80549.97,2513.5082,2026-09-03 14:59:59.999000+00:00,200372259.4937502,489059,1560.4523,124390746.1492823
2026-09-03 15:00:00+00:00,80549.97,81370.33,80354.65,81348.0,3056.18534,2026-09-03 15:59:59.999000+00:00,246896380.12521407,470728,1741.69826,140704298.2616738
2026-09-03 16:00:00+00:00,81348.0,81360.0,80613.52,80969.37,1239.78575,2026-09-03 16:59:59.999000+00:00,100310005.7563306,286152,592.66244,47946282.3832374
2026-09-03 17:00:00+00:00,80969.37,81188.17,80886.0,81042.0,875.49534,2026-09-03 17:59:59.999000+00:00,70963938.6806197,175257,444.82291,36055644.701212
2026-09-03 18:00:00+00:00,81042.0,81333.33,80904.0,81254.32,595.62382,2026-09-03 18:59:59.999000+00:00,48315186.128556,140651,249.34767,20227113.6443804
2026-09-03 19:00:00+00:00,81254.31,81790.0,81171.98,81755.41,1102.96623,2026-09-03 19:59:59.999000+00:00,89904177.8060657,212360,569.09371,46389067.0267511
2026-09-03 20:00:00+00:00,81755.41,81780.0,81392.74,81473.0,601.53572,2026-09-03 20:59:59.999000+00:00,49030070.3409274,170081,292.62238,23851204.8744971
2026-09-03 21:00:00+00:00,81473.0,82300.0,81288.0,81590.0,1292.57121,2026-09-03 21:59:59.999000+00:00,105713630.4657992,271260,847.8079,69368680.2126796
2026-09-03 22:00:00+00:00,81590.0,81604.65,80905.05,81140.0,712.57205,2026-09-03 22:59:59.999000+00:00,57885175.627107,188149,336.19266,27311309.5042178
2026-09-03 23:00:00+00:00,81140.0,81338.0,81078.0,81270.37,407.99233,2026-09-03 23:59:59.999000+00:00,33135210.022325,120694,200.01954,16245042.8222678
2026-09-04 00:00:00+00:00,81270.37,81427.75,80960.0,80972.12,643.20132,2026-09-04 00:59:59.999000+00:00,52223184.0837529,142119,298.15775,24206039.2073631
2026-09-04 01:00:00+00:00,80972.11,81097.92,80759.52,80968.01,505.56595,2026-09-04 01:59:59.999000+00:00,40907970.7716056,131593,247.43832,20024464.3685579
2026-09-04 02:00:00+00:00,80968.01,80968.01,80669.45,80831.99,433.77504,2026-09-04 02:59:59.999000+00:00,35039220.5104657,80848,155.25388,12541780.7529999
2026-09-04 03:00:00+00:00,80832.0,81021.8,80806.0,80850.0,523.81704,2026-09-04 03:59:59.999000+00:00,42378467.8606538,79313,351.58007,28443763.7114469
2026-09-04 04:00:00+00:00,80850.01,81288.0,80820.0,81070.54,602.46481,2026-09-04 04:59:59.999000+00:00,48855186.954864,99403,361.13471,29280496.7103684
2026-09-04 05:00:00+00:00,81070.54,81143.3,80863.03,80996.15,593.73244,2026-09-04 05:59:59.999000+00:00,48092884.4106208,88487,345.03898,27947067.9074484
2026-09-04 06:00:00+00:00,80996.15,81090.0,80573.21,80797.39,435.61525,2026-09-04 06:59:59.999000+00:00,35210813.082539,90837,204.75934,16556123.6173704
2026-09-04 07:00:00+00:00,80797.4,80966.75,80641.65,80656.87,705.83482,2026-09-04 07:59:59.999000+00:00,57031148.8391697,122842,246.77533,19946356.750301
2026-09-04 08:00:00+00:00,80656.86,81237.0,80502.87,81147.16,754.04554,2026-09-04 08:59:59.999000+00:00,61064292.3849136,156567,400.77611,32455875.2706716
2026-09-04 09:00:00+00:00,81147.16,81310.0,80934.24,81056.63,968.87345,2026-09-04 09:59:59.999000+00:00,78600433.194725,165263,538.44361,43681138.1489978
2026-09-04 10:00:00+00:00,81056.63,81194.0,80831.14,81179.63,483.39639,2026-09-04 10:59:59.999000+00:00,39154493.2928287,112533,242.00295,19601989.2564501
2026-09-04 11:00:00+00:00,81179.64,81423.03,81080.01,81224.86,512.44736,2026-09-04 11:59:59.999000+00:00,41630838.1417084,114902,270.38074,21964899.3225543
2026-09-04 12:00:00+00:00,81224.86,81350.0,79177.77,79453.96,3691.19669,2026-09-04 12:59:59.999000+00:00,295282454.869799,497181,1497.15543,119781258.3781509
2026-09-04 13:00:00+00:00,79453.95,79704.0,79000.0,79378.67,1927.84184,2026-09-04 13:59:59.999000+00:00,152990738.384072,420756,890.55014,70672909.2652579
2026-09-04 14:00:00+00:00,79378.66,79572.0,78660.0,78915.71,1816.73349,2026-09-04 14:59:59.999000+00:00,143787875.4831352,368177,823.68013,65195877.378211
2026-09-04 15:00:00+00:00,78915.71,79555.32,78800.0,79429.33,942.77981,2026-09-04 15:59:59.999000+00:00,74749564.084494,153236,540.59499,42853642.393024
2026-09-04 16:00:00+00:00,79429.33,79877.07,79378.19,79745.73,1059.83504,2026-09-04 16:59:59.999000+00:00,84422369.70462,146157,542.34324,43193124.9712014
2026-09-04 17:00:00+00:00,79745.72,79752.92,79383.0,79472.22,392.51492,2026-09-04 17:59:59.999000+00:00,31238161.8602861,94348,164.99009,13130376.9835052
2026-09-04 18:00:00+00:00,79472.22,79655.86,79472.22,79618.15,263.34116,2026-09-04 18:59:59.999000+00:00,20957583.0169371,61975,115.79654,9215259.7387923
2026-09-04 19:00:00+00:00,79618.15,79819.99,79618.14,79793.34,391.97239,2026-09-04 19:59:59.999000+00:00,31252743.585146,67612,214.73828,17121242.5049712
2026-09-04 20:00:00+00:00,79793.35,79862.15,79667.99,79697.04,252.17194,2026-09-04 20:59:59.999000+00:00,20115253.2634717,56258,127.83459,10197307.9737376
2026-09-04 21:00:00+00:00,79697.03,79819.3,79512.0,79624.0,645.54178,2026-09-04 21:59:59.999000+00:00,51471300.6374238,80909,347.99386,27742969.2999445
2026-09-04 22:00:00+00:00,79624.0,79716.0,79604.0,79636.09,498.99738,2026-09-04 22:59:59.999000+00:00,39753854.8764415,49729,267.69523,21324869.4257172
2026-09-04 23:00:00+00:00,79636.09,79758.0,79600.89,79660.77,152.92964,2026-09-04 23:59:59.999000+00:00,12182459.1908721,36855,87.24518,6949944.1874932
2026-09-05 00:00:00+00:00,79660.77,79721.57,79562.0,79573.36,179.53978,2026-09-05 00:59:59.999000+00:00,14298523.9525756,49108,73.95008,5889471.4606614
2026-09-05 01:00:00+00:00,79573.37,79710.0,79533.34,79533.34,251.27651,2026-09-05 01:59:59.999000+00:00,20008220.7006594,57685,119.72812,9533295.880132
2026-09-05 02:00:00+00:00,79533.34,79622.0,79472.22,79569.09,226.54938,2026-09-05 02:59:59.999000+00:00,18022299.2277444,47171,126.10239,10031359.9267227
2026-09-05 03:00:00+00:00,79569.09,79630.74,79510.93,79582.0,222.17902,2026-09-05 03:59:59.999000+00:00,17683584.811017,39488,115.99001,9231953.9159517
2026-09-05 04:00:00+00:00,79581.99,79589.84,79500.0,79500.01,283.95874,2026-09-05 04:59:59.999000+00:00,22587408.8240581,31702,112.58614,8955180.603191
2026-09-05 05:00:00+00:00,79500.01,79600.01,79442.0,79577.53,486.56078,2026-09-05 05:59:59.999000+00:00,38693694.0067023,38996,223.57064,17779589.6087467
2026-09-05 06:00:00+00:00,79577.53,79715.72,79576.0,79644.01,255.76484,2026-09-05 06:59:59.999000+00:00,20369489.2117527,37438,154.10683,12273039.7094715
2026-09-05 07:00:00+00:00,79644.01,79763.41,79639.22,79709.96,273.27755,2026-09-05 07:59:59.999000+00:00,21782261.7218054,38976,169.19107,13485250.3059859
2026-09-05 08:00:00+00:00,79709.96,79727.95,79568.0,79650.0,377.92884,2026-09-05 08:59:59.999000+00:00,30097204.4913764,49058,168.13998,13390225.1067354
2026-09-05 09:00:00+00:00,79650.01,79735.97,79612.0,79631.28,391.22508,2026-09-05 09:59:59.999000+00:00,31173423.3495513,42403,136.65149,10888805.3499525
2026-09-05 10:00:00+00:00,79631.29,79664.0,79593.92,79618.01,324.09358,2026-09-05 10:59:59.999000+00:00,25806378.6722506,48678,127.55993,10156836.0617422
2026-09-05 11:00:00+00:00,79618.0,79674.33,79608.0,79609.28,224.00252,2026-09-05 11:59:59.999000+00:00,17839676.2642961,37745,113.95351,9075218.3983789
2026-09-05 12:00:00+00:00,79609.29,79774.0,79609.28,79704.14,350.25887,2026-09-05 12:59:59.999000+00:00,27916538.7122925,48453,197.59434,15748941.3599124
2026-09-05 13:00:00+00:00,79704.13,79762.0,79545.96,79613.67,488.89817,2026-09-05 13:59:59.999000+00:00,38953067.3771972,64938,234.6678,18698462.1657218
2026-09-05 14:00:00+00:00,79613.67,79756.32,79613.67,79719.76,292.28201,2026-09-05 14:59:59.999000+00:00,23299226.7410057,47013,175.13017,13960057.7875855
2026-09-05 15:00:00+00:00,79719.75,79816.0,79678.62,79806.01,383.76927,2026-09-05 15:59:59.999000+00:00,30602148.2421271,41440,211.57504,16872139.3465638
2026-09-05 16:00:00+00:00,79806.0,80200.0,79754.0,80042.0,716.52557,2026-09-05 16:59:59.999000+00:00,57276507.6030958,95798,371.98143,29736908.9291856
2026-09-05 17:00:00+00:00,80041.99,80162.29,79973.85,80058.6,894.70031,2026-09-05 17:59:59.999000+00:00,71625567.1937666,134524,309.87664,24809051.3402394
2026-09-05 18:00:00+00:00,80058.6,80078.0,79930.0,79999.98,332.81067,2026-09-05 18:59:59.999000+00:00,26628394.3650158,60189,120.76731,9661300.4551671
2026-09-05 19:00:00+00:00,79999.99,79999.99,79712.86,79754.0,243.22911,2026-09-05 19:59:59.999000+00:00,19422533.0441348,59828,114.73568,9162602.6103266
2026-09-05 20:00:00+00:00,79753.99,79840.25,79694.0,79737.83,651.64016,2026-09-05 20:59:59.999000+00:00,51973748.1068499,70284,265.87148,21203930.1180165
2026-09-05 21:00:00+00:00,79737.83,79938.0,79724.87,79906.02,164.28133,2026-09-05 21:59:59.999000+00:00,13116656.8596278,44415,85.76395,6847517.6746314
2026-09-05 22:00:00+00:00,79906.02,79947.99,79749.41,79783.99,517.56847,2026-09-05 22:59:59.999000+00:00,41300931.2679058,45570,282.75987,22562881.4953612
2026-09-05 23:00:00+00:00,79783.99,79912.83,79706.04,79831.75,584.91964,2026-09-05 23:59:59.999000+00:00,46684615.420303,45150,243.02835,19394456.0970369
2026-09-06 00:00:00+00:00,79831.75,79940.68,79829.98,79868.0,147.80921,2026-09-06 00:59:59.999000+00:00,11809529.5929971,39506,73.45342,5868394.112137
2026-09-06 01:00:00+00:00,79868.01,80067.45,79868.01,79951.39,305.00919,2026-09-06 01:59:59.999000+00:00,24390800.4460475,66627,172.30719,13778563.0507455
2026-09-06 02:00:00+00:00,79951.38,80019.11,79876.0,79907.28,258.24501,2026-09-06 02:59:59.999000+00:00,20646581.3489607,46157,102.16378,8166553.4430692
2026-09-06 03:00:00+00:00,79907.28,80107.99,79893.86,80028.01,248.71269,2026-09-06 03:59:59.999000+00:00,19891871.6367234,76700,147.69923,11814032.5028348
2026-09-06 04:00:00+00:00,80028.01,80028.01,79854.0,79866.01,362.36734,2026-09-06 04:59:59.999000+00:00,28961193.3687536,42045,178.17594,14239693.3750318
2026-09-06 05:00:00+00:00,79866.01,80107.99,79794.04,79989.13,642.22052,2026-09-06 05:59:59.999000+00:00,51301305.6660888,84097,215.64753,17229963.5711958
2026-09-06 06:00:00+00:00,79989.12,79989.13,79676.66,79784.65,290.41612,2026-09-06 06:59:59.999000+00:00,23184242.4819034,51291,134.27462,10718021.7001635
2026-09-06 07:00:00+00:00,79784.65,79865.89,79577.0,79805.0,339.23106,2026-09-06 07:59:59.999000+00:00,27063249.9829522,57385,150.5631,12012267.4974391
2026-09-06 08:00:00+00:00,79804.68,79889.99,79752.7,79837.17,578.27369,2026-09-06 08:59:59.999000+00:00,46156988.4405998,57346,200.20678,15983859.72825
2026-09-06 09:00:00+00:00,79837.17,79990.0,79806.01,79885.77,684.16607,2026-09-06 09:59:59.999000+00:00,54666757.9776864,76210,201.23602,16077200.8620284
2026-09-06 10:00:00+00:00,79885.78,80020.0,79885.77,80003.93,223.38098,2026-09-06 10:59:59.999000+00:00,17863003.1867089,43891,126.61939,10125572.6734364
2026-09-06 11:00:00+00:00,80003.92,80003.93,79890.0,79919.17,224.08052,2026-09-06 11:59:59.999000+00:00,17914296.5827413,56191,97.50315,7794236.9733966
2026-09-06 12:00:00+00:00,79919.17,80010.0,79858.1,79922.04,269.79443,2026-09-06 12:59:59.999000+00:00,21572353.4792273,62529,147.63136,11804248.8825461
2026-09-06 13:00:00+00:00,79922.04,79968.0,79760.39,79829.98,380.28916,2026-09-06 13:59:59.999000+00:00,30363911.417596,64711,132.08906,10545211.255464
2026-09-06 14:00:00+00:00,79829.99,79840.25,79233.0,79543.06,699.69504,2026-09-06 14:59:59.999000+00:00,55690696.4921717,153997,316.34896,25180601.5623394
2026-09-06 15:00:00+00:00,79543.07,79734.59,79383.32,79716.5,342.10102,2026-09-06 15:59:59.999000+00:00,27228734.4600233,83009,189.22071,15061023.4238357
2026-09-06 16:00:00+00:00,79716.51,79786.0,79606.04,79682.0,222.29132,2026-09-06 16:59:59.999000+00:00,17716085.0134705,66497,103.19794,8224445.6492403
2026-09-06 17:00:00+00:00,79682.0,79773.88,79584.73,79745.34,205.07571,2026-09-06 17:59:59.999000+00:00,16346218.6694693,55849,102.59011,8177147.621844
2026-09-06 18:00:00+00:00,79745.34,79970.0,79745.34,79955.34,218.34399,2026-09-06 18:59:59.999000+00:00,17444740.60211,47227,105.88569,8459156.9736536
2026-09-06 19:00:00+00:00,79955.34,79955.34,79799.52,79829.99,213.50154,2026-09-06 19:59:59.999000+00:00,17046264.4581258,28891,59.84805,4777829.987497
2026-09-06 20:00:00+00:00,79830.0,79973.56,79776.59,79912.0,235.83849,2026-09-06 20:59:59.999000+00:00,18845196.473631,39222,145.83788,11654181.4685361
2026-09-06 21:00:00+00:00,79912.0,80034.0,79875.24,79944.38,381.14031,2026-09-06 21:59:59.999000+00:00,30474007.8906041,77819,228.06685,18234050.0101863
2026-09-06 22:00:00+00:00,79944.39,80093.79,79647.04,80055.17,486.73578,2026-09-06 22:59:59.999000+00:00,38880061.9138477,110060,311.01629,24844744.8127722
2026-09-06 23:00:00+00:00,80055.18,80559.99,80010.0,80341.83,896.09908,2026-09-06 23:59:59.999000+00:00,71964132.8826151,170988,570.60772,45829181.511868
2026-09-07 00:00:00+00:00,80341.83,80443.99,80059.11,80160.01,473.2372,2026-09-07 00:59:59.999000+00:00,37966264.1837668,121749,229.77083,18433581.7421897
2026-09-07 01:00:00+00:00,80160.01,80243.81,79826.28,79926.14,429.2219,2026-09-07 01:59:59.999000+00:00,34325488.7979005,104614,189.05697,15118871.0586595
2026-09-07 02:00:00+00:00,79926.14,80426.0,79800.0,79874.24,411.23362,2026-09-07 02:59:59.999000+00:00,32931377.8873541,116777,205.03549,16420446.1902612
2026-09-07 03:00:00+00:00,79874.25,79986.02,79568.6,79596.39,424.23144,2026-09-07 03:59:59.999000+00:00,33824701.8161176,109936,188.50547,15030791.1969039
2026-09-07 04:00:00+00:00,79596.38,79732.15,79540.38,79724.0,680.36024,2026-09-07 04:59:59.999000+00:00,54186052.2768768,99575,377.76662,30085510.7753412
2026-09-07 05:00:00+00:00,79724.01,79926.04,79666.79,79759.47,625.29002,2026-09-07 05:59:59.999000+00:00,49885698.6367219,102592,394.34943,31460345.2516323
2026-09-07 06:00:00+00:00,79759.47,79825.7,79644.55,79659.27,564.03546,2026-09-07 06:59:59.999000+00:00,44964859.6134574,68685,272.02991,21688592.364208
2026-09-07 07:00:00+00:00,79659.28,79691.06,79001.1,79397.83,867.88528,2026-09-07 07:59:59.999000+00:00,68877500.2331664,165782,395.22066,31362734.9641468
2026-09-07 08:00:00+00:00,79397.83,79530.47,79397.83,79437.38,367.39664,2026-09-07 08:59:59.999000+00:00,29196044.6254761,83201,187.12879,14870100.2015728
2026-09-07 09:00:00+00:00,79437.39,79550.0,79291.15,79313.85,384.36999,2026-09-07 09:59:59.999000+00:00,30540975.3976115,91965,157.76286,12533925.4962888
2026-09-07 10:00:00+00:00,79313.85,79459.5,79313.85,79360.0,340.14563,2026-09-07 10:59:59.999000+00:00,27008453.391513,71836,159.33397,12651153.7069041
2026-09-07 11:00:00+00:00,79360.0,79487.01,79282.0,79420.16,322.16899,2026-09-07 11:59:59.999000+00:00,25579068.0186821,76833,177.37066,14081830.9127108
2026-09-07 12:00:00+00:00,79420.16,79627.43,79400.48,79606.84,278.61012,2026-09-07 12:59:59.999000+00:00,22152377.8676713,67308,147.62974,11738270.5028039
2026-09-07 13:00:00+00:00,79606.84,79643.5,79318.92,79352.01,537.87474,2026-09-07 13:59:59.999000+00:00,42746963.6153372,137687,260.04563,20665502.0304588
2026-09-07 14:00:00+00:00,79352.0,79396.36,78956.94,79191.95,729.96261,2026-09-07 14:59:59.999000+00:00,57753310.9315288,176271,332.72571,26326785.3150384
2026-09-07 15:00:00+00:00,79191.96,79191.96,78680.0,78821.99,790.15811,2026-09-07 15:59:59.999000+00:00,62344440.368417,198241,313.66666,24744877.1083888
2026-09-07 16:00:00+00:00,78822.0,79035.23,78807.69,79028.87,428.99902,2026-09-07 16:59:59.999000+00:00,33857734.919848,116982,225.81885,17820957.0172353
2026-09-07 17:00:00+00:00,79028.88,79223.53,79018.0,79185.73,251.37537,2026-09-07 17:59:59.999000+00:00,19889759.9995508,82613,138.20501,10935310.2027396
2026-09-07 18:00:00+00:00,79185.74,79244.0,79096.0,79196.16,308.24543,2026-09-07 18:59:59.999000+00:00,24401395.8309658,75402,173.26171,13715638.7785602
2026-09-07 19:00:00+00:00,79196.15,79419.17,79150.0,79365.82,230.49171,2026-09-07 19:59:59.999000+00:00,18278183.4773548,54302,121.62189,9644294.9034145
2026-09-07 20:00:00+00:00,79365.81,79394.92,79168.01,79238.0,212.62445,2026-09-07 20:59:59.999000+00:00,16848872.1491717,55043,94.80666,7512030.6034354
2026-09-07 21:00:00+00:00,79238.0,79278.0,79164.0,79164.0,163.69203,2026-09-07 21:59:59.999000+00:00,12967374.9926461,47873,77.55435,6143738.8340794
2026-09-07 22:00:00+00:00,79164.01,79218.18,78781.07,78952.19,458.00504,2026-09-07 22:59:59.999000+00:00,36197420.9851147,136205,202.82944,16032610.4122148
2026-09-07 23:00:00+00:00,78952.18,79210.0,78938.38,79112.01,292.83991,2026-09-07 23:59:59.999000+00:00,23158354.5260869,103131,158.65937,12545707.9365203
2026-09-08 00:00:00+00:00,79112.0,79313.09,78972.51,79313.08,445.07914,2026-09-08 00:59:59.999000+00:00,35211429.1670529,150957,202.99995,16059762.2326226
2026-09-08 01:00:00+00:00,79313.09,79463.06,79266.48,79441.99,454.81703,2026-09-08 01:59:59.999000+00:00,36091673.9258176,169048,220.19477,17473412.6941429
2026-09-08 02:00:00+00:00,79441.98,79485.0,78930.0,78930.01,601.51271,2026-09-08 02:59:59.999000+00:00,47664046.6202452,195253,293.76578,23281399.5493047
2026-09-08 03:00:00+00:00,78930.01,79002.0,78725.1,78906.28,813.2236,2026-09-08 03:59:59.999000+00:00,64166200.7412796,297197,355.13368,28018261.3029419
2026-09-08 04:00:00+00:00,78906.27,78929.24,78678.7,78678.71,558.10183,2026-09-08 04:59:59.999000+00:00,43986513.6570535,220153,291.63262,22985675.5349123
2026-09-08 05:00:00+00:00,78678.7,78882.0,78555.0,78578.0,847.29044,2026-09-08 05:59:59.999000+00:00,66685293.881911,228336,408.89361,32184136.3977694
2026-09-08 06:00:00+00:00,78577.99,78632.0,78261.61,78323.59,1913.91469,2026-09-08 06:59:59.999000+00:00,150130808.7233926,486635,784.06817,61498622.7010715
2026-09-08 07:00:00+00:00,78323.59,78609.99,78179.98,78482.0,3433.75725,2026-09-08 07:59:59.999000+00:00,269260831.2638138,650369,1599.76488,125452657.038469
2026-09-08 08:00:00+00:00,78482.0,78581.8,78281.3,78418.0,855.4031,2026-09-08 08:59:59.999000+00:00,67083597.7332653,111563,323.48986,25373390.1655343
2026-09-08 09:00:00+00:00,78418.0,78800.0,78317.03,78761.99,641.52148,2026-09-08 09:59:59.999000+00:00,50372372.8485343,110939,291.79592,22920391.4170863
2026-09-08 10:00:00+00:00,78762.0,78994.5,78568.0,78568.0,435.62963,2026-09-08 10:59:59.999000+00:00,34307999.2143323,73513,219.67751,17303157.1525495
2026-09-08 11:00:00+00:00,78568.01,78576.0,78271.63,78430.01,682.36626,2026-09-08 11:59:59.999000+00:00,53509858.1995281,117351,264.60217,20747531.0248745
2026-09-08 12:00:00+00:00,78430.0,78483.42,78215.36,78449.99,839.62079,2026-09-08 12:59:59.999000+00:00,65773082.0729705,134551,299.56374,23464853.8459792
2026-09-08 13:00:00+00:00,78450.0,78545.46,77620.01,77961.66,2274.11248,2026-09-08 13:59:59.999000+00:00,177363641.1290629,331701,724.85478,56572831.8497856
2026-09-08 14:00:00+00:00,77961.66,78630.81,77854.0,78567.52,885.70593,2026-09-08 14:59:59.999000+00:00,69317639.4190994,216220,466.47492,36518784.8627861
2026-09-08 15:00:00+00:00,78567.52,78910.88,78451.39,78904.0,668.56307,2026-09-08 15:59:59.999000+00:00,52585779.7097532,161488,393.77861,30977199.8009556
2026-09-08 16:00:00+00:00,78904.0,78978.39,78581.33,78735.89,339.80818,2026-09-08 16:59:59.999000+00:00,26763199.5051071,101762,178.59325,14065002.600716
2026-09-08 17:00:00+00:00,78735.88,78892.0,78500.0,78504.38,376.83451,2026-09-08 17:59:59.999000+00:00,29637651.6519826,88681,222.17175,17472552.7242387
2026-09-08 18:00:00+00:00,78504.38,78822.47,78271.49,78436.0,310.67894,2026-09-08 18:59:59.999000+00:00,24406848.7090908,99086,157.51767,12374135.4059821
2026-09-08 19:00:00+00:00,78436.01,78528.0,78325.39,78446.0,457.27833,2026-09-08 19:59:59.999000+00:00,35861448.2442646,109419,214.93149,16853630.7366228
2026-09-08 20:00:00+00:00,78445.99,78621.77,78410.05,78487.99,286.8898,2026-09-08 20:59:59.999000+00:00,22526073.8095547,93054,135.15923,10612098.2638224
2026-09-08 21:00:00+00:00,78487.99,78623.21,78406.0,78492.18,346.3218,2026-09-08 21:59:59.999000+00:00,27193582.5620912,77418,156.05475,12253420.4239352
2026-09-08 22:00:00+00:00,78492.19,78662.75,78458.0,78562.44,344.45436,2026-09-08 22:59:59.999000+00:00,27045933.3148168,70955,207.77486,16312195.5875169
2026-09-08 23:00:00+00:00,78562.43,78575.31,78408.64,78455.8,422.1807,2026-09-08 23:59:59.999000+00:00,33131729.6308357,43997,128.22172,10063637.853032
2026-09-09 00:00:00+00:00,78455.8,78796.97,78455.79,78774.65,263.81065,2026-09-09 00:59:59.999000+00:00,20750875.2407658,82550,143.75821,11306193.15443
2026-09-09 01:00:00+00:00,78774.66,78891.5,78633.53,78891.5,737.84364,2026-09-09 01:59:59.999000+00:00,58137680.9843757,92751,341.97159,26937243.5785561
2026-09-09 02:00:00+00:00,78891.49,78928.65,78686.46,78726.01,338.69714,2026-09-09 02:59:59.999000+00:00,26687169.192539,79288,132.13985,10411683.1556224
2026-09-09 03:00:00+00:00,78726.01,78726.01,78548.46,78638.01,269.38216,2026-09-09 03:59:59.999000+00:00,21178257.2864462,63265,133.95906,10531165.8806006
2026-09-09 04:00:00+00:00,78638.01,79215.83,78638.0,79171.5,659.48495,2026-09-09 04:59:59.999000+00:00,52088293.8015123,126442,351.00698,27726550.5392376
2026-09-09 05:00:00+00:00,79171.5,79370.01,78840.59,78923.43,571.99145,2026-09-09 05:59:59.999000+00:00,45251652.8210323,120080,272.7752,21588847.648815
2026-09-09 06:00:00+00:00,78923.43,79290.63,78865.71,79159.03,306.40396,2026-09-09 06:59:59.999000+00:00,24237580.0818837,87421,154.72869,12241427.7896077
2026-09-09 07:00:00+00:00,79159.03,79400.0,79151.34,79277.43,435.40632,2026-09-09 07:59:59.999000+00:00,34511705.6261754,98299,190.55797,15103688.7935609
2026-09-09 08:00:00+00:00,79277.44,79760.0,79264.0,79698.02,838.18454,2026-09-09 08:59:59.999000+00:00,66683857.9364876,153883,406.82189,32360862.9976527
2026-09-09 09:00:00+00:00,79698.02,79716.0,78900.0,78952.01,524.33216,2026-09-09 09:59:59.999000+00:00,41583100.8566989,128350,224.84248,17829138.635417
2026-09-09 10:00:00+00:00,78952.01,79183.91,78878.11,78920.01,419.34722,2026-09-09 10:59:59.999000+00:00,33146679.7727933,127067,225.28389,17806754.5327005
2026-09-09 11:00:00+00:00,78920.01,79379.28,78725.29,79324.75,742.09582,2026-09-09 11:59:59.999000+00:00,58665266.4171007,140334,315.28773,24929778.2440308
2026-09-09 12:00:00+00:00,79324.75,79662.56,79281.51,79606.14,1136.20636,2026-09-09 12:59:59.999000+00:00,90274405.987648,144608,545.93771,43377710.5610312
2026-09-09 13:00:00+00:00,79606.15,79678.84,79103.19,79140.69,700.9372,2026-09-09 13:59:59.999000+00:00,55664950.0057,239136,316.39921,25134008.7259256
2026-09-09 14:00:00+00:00,79140.69,79413.74,78877.36,78958.01,1034.69116,2026-09-09 14:59:59.999000+00:00,81786587.1182374,314211,421.48795,33326562.8275485
2026-09-09 15:00:00+00:00,78958.01,79394.99,78060.03,78596.7,1730.66758,2026-09-09 15:59:59.999000+00:00,136024258.0221611,420352,730.2757,57399379.1434995
2026-09-09 16:00:00+00:00,78596.7,78938.55,78460.34,78804.9,548.53711,2026-09-09 16:59:59.999000+00:00,43170909.2776089,170195,304.11065,23935557.5448038
2026-09-09 17:00:00+00:00,78804.9,78934.4,78674.0,78776.01,424.82404,2026-09-09 17:59:59.999000+00:00,33475271.4800531,108807,264.36018,20831363.2017965
2026-09-09 18:00:00+00:00,78776.0,78792.25,78403.36,78414.42,291.49177,2026-09-09 18:59:59.999000+00:00,22902359.2219584,78719,137.66619,10818931.7898251
2026-09-09 19:00:00+00:00,78414.42,78575.32,78150.0,78234.94,474.58363,2026-09-09 19:59:59.999000+00:00,37204988.0453038,113699,231.04632,18111974.5184601
2026-09-09 20:00:00+00:00,78234.94,78340.01,77917.09,78324.07,550.88264,2026-09-09 20:59:59.999000+00:00,43065958.2116734,117354,249.07838,19475898.9397075
2026-09-09 21:00:00+00:00,78324.07,78339.56,77994.15,78145.02,316.14499,2026-09-09 21:59:59.999000+00:00,24722682.3122496,94522,109.50073,8561678.4698366
2026-09-09 22:00:00+00:00,78145.02,78196.0,77770.0,77924.06,513.88945,2026-09-09 22:59:59.999000+00:00,40055124.6660499,158764,209.69537,16347216.8865684
2026-09-09 23:00:00+00:00,77924.0,78321.09,77920.56,78306.43,300.08433,2026-09-09 23:59:59.999000+00:00,23461051.7857482,78272,207.39026,16213609.889927
2026-09-10 00:00:00+00:00,78306.43,78382.35,78073.8,78180.7,826.01999,2026-09-10 00:59:59.999000+00:00,64616943.9220511,106859,340.73873,26649246.187609
2026-09-10 01:00:00+00:00,78180.7,78508.49,77952.0,78094.0,429.21115,2026-09-10 01:59:59.999000+00:00,33562115.612435,147168,191.86448,15002751.1502174
2026-09-10 02:00:00+00:00,78094.01,78373.1,77980.0,78357.86,250.2874,2026-09-10 02:59:59.999000+00:00,19552621.4802012,83298,108.37543,8468398.2594498
2026-09-10 03:00:00+00:00,78357.87,78550.0,78278.0,78328.08,370.87043,2026-09-10 03:59:59.999000+00:00,29070090.4566923,71255,207.23848,16242568.8224656
2026-09-10 04:00:00+00:00,78328.08,78437.99,78300.0,78400.0,221.79379,2026-09-10 04:59:59.999000+00:00,17381845.2797005,46418,108.46813,8500268.9878107
2026-09-10 05:00:00+00:00,78400.01,78564.39,78270.75,78536.71,554.7012,2026-09-10 05:59:59.999000+00:00,43506335.6178356,74334,312.82238,24534733.9561542
2026-09-10 06:00:00+00:00,78536.71,78542.05,78147.98,78416.01,573.34123,2026-09-10 06:59:59.999000+00:00,44893212.1218077,99460,222.15075,17400964.9987643
2026-09-10 07:00:00+00:00,78416.01,78422.01,77906.48,78112.0,526.86865,2026-09-10 07:59:59.999000+00:00,41148587.83416,103411,290.93248,22718528.2433275
2026-09-10 08:00:00+00:00,78112.0,78170.74,78038.0,78110.0,301.41841,2026-09-10 08:59:59.999000+00:00,23545828.1072921,82125,147.15716,11494570.2576331
2026-09-10 09:00:00+00:00,78110.0,78229.22,77910.86,77992.01,605.51933,2026-09-10 09:59:59.999000+00:00,47268188.8882806,81498,154.66855,12073851.9543806
2026-09-10 10:00:00+00:00,77992.0,78044.57,77821.21,77863.21,618.27147,2026-09-10 10:59:59.999000+00:00,48198158.5692871,96487,158.12292,12328724.8134649
2026-09-10 11:00:00+00:00,77863.2,78054.84,77688.0,77840.8,659.08952,2026-09-10 11:59:59.999000+00:00,51341852.7317665,124457,244.60401,19058824.3441134
2026-09-10 12:00:00+00:00,77840.64,77959.2,76676.07,76896.01,2886.07306,2026-09-10 12:59:59.999000+00:00,223270413.81849888,392091,861.31592,66596785.3930264
2026-09-10 13:00:00+00:00,76896.01,77234.0,76745.0,77174.44,1372.33792,2026-09-10 13:59:59.999000+00:00,105622953.7795638,333794,736.15108,56665413.8180659
2026-09-10 14:00:00+00:00,77174.43,77424.98,76943.45,77412.01,1105.27456,2026-09-10 14:59:59.999000+00:00,85349062.557288,211849,524.71824,40526676.1099199
2026-09-10 15:00:00+00:00,77412.01,77412.89,77092.16,77250.0,695.08679,2026-09-10 15:59:59.999000+00:00,53675305.062732,151889,369.77896,28546989.071058
2026-09-10 16:00:00+00:00,77250.0,77312.01,76804.99,77200.01,562.44798,2026-09-10 16:59:59.999000+00:00,43320479.3755506,155630,275.82484,21243960.0227954
2026-09-10 17:00:00+00:00,77200.0,77544.0,77126.26,77328.72,584.5114,2026-09-10 17:59:59.999000+00:00,45208806.3394189,117338,307.35727,23772732.8452925
2026-09-10 18:00:00+00:00,77328.72,77340.0,76982.6,77252.0,321.25824,2026-09-10 18:59:59.999000+00:00,24783967.6120871,107529,125.72542,9698452.3582385
2026-09-10 19:00:00+00:00,77252.0,77298.48,77083.17,77160.83,394.60119,2026-09-10 19:59:59.999000+00:00,30449303.9573845,99247,149.18084,11512118.8775166
2026-09-10 20:00:00+00:00,77160.83,77347.45,77116.0,77268.08,142.17379,2026-09-10 20:59:59.999000+00:00,10985513.6840122,60940,66.81705,5162270.8391338
2026-09-10 21:00:00+00:00,77268.08,77303.02,77100.02,77144.0,268.25509,2026-09-10 21:59:59.999000+00:00,20708731.8018958,71527,117.89405,9101229.769916
2026-09-10 22:00:00+00:00,77144.01,77218.01,76817.6,76836.45,253.46564,2026-09-10 22:59:59.999000+00:00,19519221.0484791,82989,112.11602,8635141.0969565
2026-09-10 23:00:00+00:00,76836.45,76876.31,76464.0,76568.72,797.49081,2026-09-10 23:59:59.999000+00:00,61138404.113599,179114,292.95033,22462809.8631719
2026-09-11 00:00:00+00:00,76568.73,76939.8,76563.01,76908.59,538.94881,2026-09-11 00:59:59.999000+00:00,41382306.8793203,129071,214.71268,16485210.3165913
2026-09-11 01:00:00+00:00,76908.59,77000.0,76670.57,76971.43,386.97683,2026-09-11 01:59:59.999000+00:00,29745129.7061013,114813,216.06115,16605971.0075417
2026-09-11 02:00:00+00:00,76971.44,77013.62,76769.69,76838.68,297.49023,2026-09-11 02:59:59.999000+00:00,22880146.9827821,86217,182.89349,14067771.9287406
2026-09-11 03:00:00+00:00,76838.68,76897.54,76702.7,76891.8,967.58108,2026-09-11 03:59:59.999000+00:00,74328881.8606567,91666,400.6565,30774882.7743574
2026-09-11 04:00:00+00:00,76891.81,77196.01,76889.23,77114.01,370.66197,2026-09-11 04:59:59.999000+00:00,28546726.0335701,74318,274.19498,21114389.1613313
2026-09-11 05:00:00+00:00,77114.01,77252.88,77069.06,77252.86,284.44316,2026-09-11 05:59:59.999000+00:00,21944334.4810792,50813,154.9608,11953977.7382426
2026-09-11 06:00:00+00:00,77252.87,77431.48,77182.0,77298.01,405.18201,2026-09-11 06:59:59.999000+00:00,31322366.9186754,53395,243.33166,18812432.3758491
2026-09-11 07:00:00+00:00,77298.01,77403.19,77203.73,77230.7,435.02243,2026-09-11 07:59:59.999000+00:00,33621837.5669732,55484,202.04514,15615470.0192046
2026-09-11 08:00:00+00:00,77230.7,77500.0,77144.59,77364.93,294.00696,2026-09-11 08:59:59.999000+00:00,22738303.9395658,67312,155.43299,12020173.7619566
2026-09-11 09:00:00+00:00,77364.94,77370.01,76865.58,77042.0,552.5515,2026-09-11 09:59:59.999000+00:00,42604532.3243816,65960,209.94838,16187965.2900917
2026-09-11 10:00:00+00:00,77042.0,77163.25,76966.0,76993.25,406.1795,2026-09-11 10:59:59.999000+00:00,31299718.483707,73933,188.33855,14514107.7540572
2026-09-11 11:00:00+00:00,76993.25,77049.25,76746.95,77036.12,420.86915,2026-09-11 11:59:59.999000+00:00,32356856.1838625,93360,198.74123,15279817.5124152
2026-09-11 12:00:00+00:00,77036.12,78148.74,76046.58,78032.99,3531.14376,2026-09-11 12:59:59.999000+00:00,272411705.49477166,460979,1818.27594,140385425.9330642
2026-09-11 13:00:00+00:00,78032.98,79333.0,77253.8,79242.56,2451.66172,2026-09-11 13:59:59.999000+00:00,191423615.3035339,443663,1400.1382,109367590.2178857
2026-09-11 14:00:00+00:00,79242.56,79890.0,78509.09,78798.51,1987.04632,2026-09-11 14:59:59.999000+00:00,157205136.382828,441852,903.1406,71489599.8491855
2026-09-11 15:00:00+00:00,78798.4,78849.98,77303.0,77732.25,1364.45838,2026-09-11 15:59:59.999000+00:00,106762849.1041949,312432,564.04157,44145076.9714497
2026-09-11 16:00:00+00:00,77732.25,78068.01,77381.88,77916.0,1081.48116,2026-09-11 16:59:59.999000+00:00,84066181.7535666,254852,556.38194,43247130.5247941
2026-09-11 17:00:00+00:00,77916.0,77960.01,77490.34,77534.0,492.68772,2026-09-11 17:59:59.999000+00:00,38303121.7315017,134122,233.13259,18132246.8952005
2026-09-11 18:00:00+00:00,77534.0,77538.01,76883.0,77054.0,842.12412,2026-09-11 18:59:59.999000+00:00,64946510.9947361,197430,361.19887,27852558.7141945
2026-09-11 19:00:00+00:00,77054.0,77372.01,77006.0,77286.01,421.44962,2026-09-11 19:59:59.999000+00:00,32546569.7851255,114196,210.30203,16241070.9823324
2026-09-11 20:00:00+00:00,77286.0,77504.01,77192.0,77339.33,322.32564,2026-09-11 20:59:59.999000+00:00,24938488.3000762,80560,163.42661,12642343.7620097
2026-09-11 21:00:00+00:00,77339.33,77424.01,77078.01,77108.01,222.90327,2026-09-11 21:59:59.999000+00:00,17232814.4968462,62585,104.40615,8074010.3707874
2026-09-11 22:00:00+00:00,77108.01,77231.31,76967.13,77150.0,1100.36124,2026-09-11 22:59:59.999000+00:00,84861505.502522,106098,579.35978,44678666.3592485
2026-09-11 23:00:00+00:00,77150.0,77225.71,77119.68,77225.7,535.72071,2026-09-11 23:59:59.999000+00:00,41339851.8889315,49152,317.03162,24465279.5975712
2026-09-12 00:00:00+00:00,77225.71,77320.0,77207.65,77287.43,314.34391,2026-09-12 00:59:59.999000+00:00,24294539.3312415,35694,146.72012,11338946.4052546
2026-09-12 01:00:00+00:00,77287.43,77378.37,77262.29,77272.37,186.8188,2026-09-12 01:59:59.999000+00:00,14443036.104268,35360,94.87946,7334819.0546388
2026-09-12 02:00:00+00:00,77272.36,77322.27,77220.0,77288.0,307.45259,2026-09-12 02:59:59.999000+00:00,23752575.2290623,28068,174.04455,13445371.162147
2026-09-12 03:00:00+00:00,77288.01,77347.82,77229.99,77268.09,242.20968,2026-09-12 03:59:59.999000+00:00,18716912.0741068,26054,142.52186,11012397.5737322
2026-09-12 04:00:00+00:00,77268.09,77314.01,77215.86,77222.75,392.84938,2026-09-12 04:59:59.999000+00:00,30346845.7835616,27385,167.49995,12937735.4286734
2026-09-12 05:00:00+00:00,77222.75,77260.8,77164.06,77218.0,966.7285,2026-09-12 05:59:59.999000+00:00,74657995.0299049,36960,591.99901,45715668.7592156
2026-09-12 06:00:00+00:00,77218.0,77359.2,77199.99,77289.73,148.46089,2026-09-12 06:59:59.999000+00:00,11470720.3340807,18739,87.94569,6794904.2290049
2026-09-12 07:00:00+00:00,77289.73,77347.99,77266.0,77269.55,360.14789,2026-09-12 07:59:59.999000+00:00,27839151.3057071,33060,229.72722,17757866.1177646
2026-09-12 08:00:00+00:00,77269.54,77374.01,77269.54,77360.01,285.63962,2026-09-12 08:59:59.999000+00:00,22085091.8043987,32811,181.83805,14058830.9394963
2026-09-12 09:00:00+00:00,77360.0,77386.76,77335.14,77349.44,294.25428,2026-09-12 09:59:59.999000+00:00,22764192.2361825,33237,148.36886,11477823.8564406
2026-09-12 10:00:00+00:00,77349.44,77400.75,77310.55,77332.94,182.37452,2026-09-12 10:59:59.999000+00:00,14108778.8259021,22083,81.17442,6279631.1967118
2026-09-12 11:00:00+00:00,77332.94,77356.05,77292.0,77356.04,149.54317,2026-09-12 11:59:59.999000+00:00,11563015.9749306,20940,72.45173,5602134.2870319
2026-09-12 12:00:00+00:00,77356.05,77360.77,77290.0,77340.0,340.29238,2026-09-12 12:59:59.999000+00:00,26313823.697785,26118,165.29286,12781233.2315258
2026-09-12 13:00:00+00:00,77340.01,77397.27,77255.19,77366.52,1023.69199,2026-09-12 13:59:59.999000+00:00,79141503.2744492,47193,631.49661,48819882.7318309
2026-09-12 14:00:00+00:00,77366.52,77505.67,77366.0,77461.24,239.68201,2026-09-12 14:59:59.999000+00:00,18558836.8855107,39199,134.82574,10440618.5827249
2026-09-12 15:00:00+00:00,77461.25,77479.99,77376.0,77380.37,265.08543,2026-09-12 15:59:59.999000+00:00,20524404.0527646,34885,114.30384,8850054.7892091
2026-09-12 16:00:00+00:00,77380.38,77414.01,77336.0,77358.01,159.17816,2026-09-12 16:59:59.999000+00:00,12315551.0108145,31470,57.79464,4471213.9855566
2026-09-12 17:00:00+00:00,77358.0,77404.37,77170.57,77210.58,249.24835,2026-09-12 17:59:59.999000+00:00,19265265.6665548,28274,95.23468,7363116.7095677
2026-09-12 18:00:00+00:00,77210.58,77216.01,77125.03,77131.0,275.13313,2026-09-12 18:59:59.999000+00:00,21232169.2846336,37442,94.47469,7290168.1625972
2026-09-12 19:00:00+00:00,77131.0,77186.01,77059.75,77114.99,731.31555,2026-09-12 19:59:59.999000+00:00,56412278.301583,38482,327.5182,25262090.9659304
2026-09-12 20:00:00+00:00,77115.0,77227.71,77114.99,77170.0,363.19212,2026-09-12 20:59:59.999000+00:00,28030597.1339033,26952,231.27442,17848713.9949312
2026-09-12 21:00:00+00:00,77170.0,77283.05,77148.5,77264.01,348.07684,2026-09-12 21:59:59.999000+00:00,26879644.8469152,43482,227.59782,17574912.1026728
2026-09-12 22:00:00+00:00,77264.0,77300.0,77193.06,77232.17,167.38368,2026-09-12 22:59:59.999000+00:00,12929102.3909322,28819,88.53513,6838525.6662613
2026-09-12 23:00:00+00:00,77232.17,77292.83,77232.16,77278.73,67.34168,2026-09-12 23:59:59.999000+00:00,5203129.0085461,15867,25.25163,1951016.8163742
2026-09-13 00:00:00+00:00,77278.73,77299.99,77162.36,77276.02,102.17841,2026-09-13 00:59:59.999000+00:00,7891917.997248,19986,49.00636,3785295.1972728
2026-09-13 01:00:00+00:00,77276.02,77341.37,77241.51,77319.97,342.83505,2026-09-13 01:59:59.999000+00:00,26494046.2195922,27487,148.16606,11449585.3492288
2026-09-13 02:00:00+00:00,77319.97,77319.97,77244.78,77289.96,238.88569,2026-09-13 02:59:59.999000+00:00,18460862.9364803,19715,147.25639,11378975.7073835
2026-09-13 03:00:00+00:00,77289.97,77310.78,77184.01,77192.01,225.77764,2026-09-13 03:59:59.999000+00:00,17441507.1845656,27159,126.53296,9775117.8069837
2026-09-13 04:00:00+00:00,77192.0,77254.03,77189.84,77210.01,190.98338,2026-09-13 04:59:59.999000+00:00,14747734.5154524,21053,94.23746,7276773.0952961
2026-09-13 05:00:00+00:00,77210.0,77324.46,77210.0,77322.01,202.84475,2026-09-13 05:59:59.999000+00:00,15674958.1690401,21070,161.54775,12483632.9690843
2026-09-13 06:00:00+00:00,77322.01,77325.82,77058.42,77122.35,503.99784,2026-09-13 06:59:59.999000+00:00,38933227.0013779,37391,266.57437,20597788.1101174
2026-09-13 07:00:00+00:00,77122.35,77180.0,77091.88,77127.99,239.99798,2026-09-13 07:59:59.999000+00:00,18514832.5554532,31419,140.3867,10830621.8579306
2026-09-13 08:00:00+00:00,77127.99,77182.0,76756.0,76813.71,401.89187,2026-09-13 08:59:59.999000+00:00,30909841.7238015,80322,134.60811,10352189.2669068
2026-09-13 09:00:00+00:00,76813.71,76893.91,76570.0,76808.01,537.62115,2026-09-13 09:59:59.999000+00:00,41255495.9497973,96905,215.42227,16533029.582345
2026-09-13 10:00:00+00:00,76808.0,76813.26,76628.45,76677.29,190.81512,2026-09-13 10:59:59.999000+00:00,14644019.4979498,38800,86.48261,6636503.4514119
2026-09-13 11:00:00+00:00,76677.3,76800.0,76500.0,76792.32,265.89974,2026-09-13 11:59:59.999000+00:00,20378815.1752065,62371,139.70464,10709311.2625092
2026-09-13 12:00:00+00:00,76792.31,76866.01,76690.0,76763.33,292.33252,2026-09-13 12:59:59.999000+00:00,22442112.9294234,44862,155.47456,11935245.218673
2026-09-13 13:00:00+00:00,76763.33,76922.01,76560.0,76853.02,435.53074,2026-09-13 13:59:59.999000+00:00,33413973.3611701,65630,282.32395,21661294.480003
2026-09-13 14:00:00+00:00,76853.01,77254.45,76850.56,77216.01,524.64043,2026-09-13 14:59:59.999000+00:00,40449901.4117815,88386,326.41493,25164032.229797
2026-09-13 15:00:00+00:00,77216.01,77216.01,77011.33,77134.83,235.97054,2026-09-13 15:59:59.999000+00:00,18195507.2480022,55544,122.62764,9455498.8226174
2026-09-13 16:00:00+00:00,77134.82,77359.0,77125.66,77276.14,296.31166,2026-09-13 16:59:59.999000+00:00,22893038.2625419,68693,168.85075,13047931.7613197
2026-09-13 17:00:00+00:00,77276.14,77413.52,77249.35,77328.94,135.4972,2026-09-13 17:59:59.999000+00:00,10478802.6890013,45449,55.98085,4328977.6600905
2026-09-13 18:00:00+00:00,77328.94,77383.4,77312.12,77338.87,110.16764,2026-09-13 18:59:59.999000+00:00,8521590.6791666,27578,54.48177,4213962.2749103
2026-09-13 19:00:00+00:00,77338.87,77409.04,77223.16,77284.0,148.98479,2026-09-13 19:59:59.999000+00:00,11514716.4291836,30916,58.66558,4534268.8635496
2026-09-13 20:00:00+00:00,77284.01,77368.0,77262.0,77348.01,103.43597,2026-09-13 20:59:59.999000+00:00,7997943.782436,25107,53.21401,4114540.7578357
2026-09-13 21:00:00+00:00,77348.01,77450.0,77314.0,77316.0,161.40092,2026-09-13 21:59:59.999000+00:00,12488701.7514296,35646,77.90324,6027843.0511287
2026-09-13 22:00:00+00:00,77316.0,77316.0,76667.68,76714.0,686.94439,2026-09-13 22:59:59.999000+00:00,52813201.4670255,189956,381.99337,29360225.1918774
2026-09-13 23:00:00+00:00,76714.0,76876.8,76622.97,76842.01,384.73824,2026-09-13 23:59:59.999000+00:00,29535464.464313,114058,167.87675,12884715.6429947
2026-09-14 00:00:00+00:00,76842.01,77083.34,76388.72,76808.0,684.93231,2026-09-14 00:59:59.999000+00:00,52548907.155554,163998,262.57393,20154946.661149
2026-09-14 01:00:00+00:00,76808.01,77170.76,76636.41,77118.97,548.46579,2026-09-14 01:59:59.999000+00:00,42144965.2412432,148701,248.22034,19076988.5676514
2026-09-14 02:00:00+00:00,77118.96,77725.5,77016.0,77600.0,1091.26668,2026-09-14 02:59:59.999000+00:00,84551511.8487199,162243,693.66459,53739283.8681098
2026-09-14 03:00:00+00:00,77600.0,77869.82,77504.01,77596.33,938.65006,2026-09-14 03:59:59.999000+00:00,72915421.9572223,101761,738.90967,57395270.0076587
2026-09-14 04:00:00+00:00,77596.32,77700.78,77537.8,77681.78,479.27763,2026-09-14 04:59:59.999000+00:00,37205001.0297984,68470,263.03135,20415228.9405303
2026-09-14 05:00:00+00:00,77681.79,77691.05,77494.34,77611.79,322.46252,2026-09-14 05:59:59.999000+00:00,25019736.435277,43345,155.76091,12084270.2362452
2026-09-14 06:00:00+00:00,77611.79,77895.35,77379.41,77593.15,418.88254,2026-09-14 06:59:59.999000+00:00,32529795.3498193,80852,218.11364,16940950.3292632
2026-09-14 07:00:00+00:00,77593.15,77892.24,77524.41,77892.24,453.51632,2026-09-14 07:59:59.999000+00:00,35265096.3085516,83156,276.77451,21522290.384429
2026-09-14 08:00:00+00:00,77892.24,77999.99,77654.0,77728.8,526.80639,2026-09-14 08:59:59.999000+00:00,40986020.5375847,112476,223.79305,17412355.7546969
2026-09-14 09:00:00+00:00,77728.8,78374.01,77593.8,78141.57,718.66625,2026-09-14 09:59:59.999000+00:00,56055261.4611601,145452,426.67772,33293006.8165485
2026-09-14 10:00:00+00:00,78141.57,78167.87,77900.0,77906.6,344.15342,2026-09-14 10:59:59.999000+00:00,26846498.2663428,88665,156.97418,12244156.4768398
2026-09-14 11:00:00+00:00,77906.61,77924.02,77692.55,77776.0,354.582,2026-09-14 11:59:59.999000+00:00,27588099.6103607,85831,164.99064,12836656.446129
2026-09-14 12:00:00+00:00,77776.0,78082.67,77615.06,77698.01,416.3904,2026-09-14 12:59:59.999000+00:00,32418611.5367053,132100,230.77756,17969448.4019842
2026-09-14 13:00:00+00:00,77698.01,78490.0,77481.98,78168.01,1141.24574,2026-09-14 13:59:59.999000+00:00,89056536.6890883,309443,633.09262,49417928.2792184
2026-09-14 14:00:00+00:00,78168.01,78712.29,78164.01,78521.06,1305.24797,2026-09-14 14:59:59.999000+00:00,102452583.0986147,277802,727.61598,57117905.0276665
2026-09-14 15:00:00+00:00,78521.05,78684.01,78301.41,78578.02,911.75735,2026-09-14 15:59:59.999000+00:00,71566976.2736334,224966,458.30477,35973128.9075257
2026-09-14 16:00:00+00:00,78578.02,78904.72,78426.17,78769.42,663.13004,2026-09-14 16:59:59.999000+00:00,52191987.2355967,143413,357.79118,28166465.5973734
2026-09-14 17:00:00+00:00,78769.42,79048.44,78698.37,78937.98,650.24334,2026-09-14 17:59:59.999000+00:00,51289622.6827782,120285,385.03124,30371964.1291167
2026-09-14 18:00:00+00:00,78937.98,79325.0,78838.57,79226.01,894.11691,2026-09-14 18:59:59.999000+00:00,70727334.8825096,182842,542.81521,42934167.0128181
2026-09-14 19:00:00+00:00,79226.0,79227.69,78951.67,78982.0,499.81096,2026-09-14 19:59:59.999000+00:00,39535320.2659918,104300,210.24396,16629861.7914715
2026-09-14 20:00:00+00:00,78982.01,79600.0,78978.56,79100.0,622.99114,2026-09-14 20:59:59.999000+00:00,49429303.9183319,149936,287.09574,22780011.9996943
2026-09-14 21:00:00+00:00,79100.0,79117.93,78746.0,78757.83,574.15746,2026-09-14 21:59:59.999000+00:00,45303873.3854872,129250,248.0915,19573743.7057227
2026-09-14 22:00:00+00:00,78757.82,78854.01,78511.0,78557.98,419.77752,2026-09-14 22:59:59.999000+00:00,33015813.8427495,90979,155.48269,12227704.5911833
2026-09-14 23:00:00+00:00,78557.99,78568.01,78131.3,78189.21,432.95897,2026-09-14 23:59:59.999000+00:00,33918747.119817,75251,137.86828,10801471.500102
2026-09-15 00:00:00+00:00,78189.2,78250.46,77941.18,77952.93,446.37902,2026-09-15 00:59:59.999000+00:00,34843055.6485315,78396,202.00291,15765461.4771653
2026-09-15 01:00:00+00:00,77952.92,78080.0,77750.0,77917.86,504.32377,2026-09-15 01:59:59.999000+00:00,39295679.7548983,91692,242.48701,18891414.1622781
2026-09-15 02:00:00+00:00,77917.86,78018.04,77776.25,77913.72,261.07651,2026-09-15 02:59:59.999000+00:00,20339171.4111689,60434,134.7326,10495716.6897118
2026-09-15 03:00:00+00:00,77913.73,77913.73,77658.0,77676.99,370.47729,2026-09-15 03:59:59.999000+00:00,28811166.2767977,53406,218.58387,16998115.4518366
2026-09-15 04:00:00+00:00,77676.99,77744.31,77542.0,77567.12,784.69084,2026-09-15 04:59:59.999000+00:00,60924082.4869374,89282,229.55433,17820828.7454961
2026-09-15 05:00:00+00:00,77567.11,77666.66,77300.01,77630.0,461.79794,2026-09-15 05:59:59.999000+00:00,35781172.5410874,98120,251.3956,19480395.0539714
2026-09-15 06:00:00+00:00,77630.0,77727.83,77191.02,77286.7,361.46093,2026-09-15 06:59:59.999000+00:00,27988261.4253082,65051,166.22866,12875907.7613722
2026-09-15 07:00:00+00:00,77286.71,77310.71,76889.22,76930.01,884.1463,2026-09-15 07:59:59.999000+00:00,68176453.7712884,99094,487.62694,37608126.2437616
2026-09-15 08:00:00+00:00,76930.0,77007.84,76703.59,77000.01,754.54393,2026-09-15 08:59:59.999000+00:00,57978632.055487,99409,409.70261,31483979.5427259
2026-09-15 09:00:00+00:00,77000.01,77059.87,76869.99,76984.05,483.47069,2026-09-15 09:59:59.999000+00:00,37207941.8323614,66613,296.24379,22798226.393357
2026-09-15 10:00:00+00:00,76984.05,77176.07,76872.9,77053.8,603.90345,2026-09-15 10:59:59.999000+00:00,46491399.5948371,96658,341.8292,26317759.8089252
2026-09-15 11:00:00+00:00,77053.8,77223.32,76843.75,76940.01,463.92838,2026-09-15 11:59:59.999000+00:00,35722065.4413265,82474,254.92966,19631539.4066115
2026-09-15 12:00:00+00:00,76940.01,77143.15,76858.66,76957.65,512.54782,2026-09-15 12:59:59.999000+00:00,39444602.3728531,96607,293.71817,22603002.8012623
2026-09-15 13:00:00+00:00,76956.75,77126.01,76123.42,76618.77,2183.38695,2026-09-15 13:59:59.999000+00:00,167023488.2422888,327735,939.97624,71916599.5689938
2026-09-15 14:00:00+00:00,76618.77,76696.0,75605.0,75942.01,2651.31183,2026-09-15 14:59:59.999000+00:00,201647625.16155472,363740,1166.16902,88745311.6167464
2026-09-15 15:00:00+00:00,75942.01,76603.59,75832.0,76512.0,1349.39662,2026-09-15 15:59:59.999000+00:00,102903397.7910692,205536,843.46483,64334892.7054062
2026-09-15 16:00:00+00:00,76512.01,76576.47,76274.0,76388.0,598.21425,2026-09-15 16:59:59.999000+00:00,45720606.055385,91207,352.46518,26936903.769716
2026-09-15 17:00:00+00:00,76388.01,77343.44,76194.21,76962.0,1073.22598,2026-09-15 17:59:59.999000+00:00,82402510.3024462,180086,636.97951,48926351.8239751
2026-09-15 18:00:00+00:00,76962.0,77205.39,74967.97,76000.0,3667.98364,2026-09-15 18:59:59.999000+00:00,278417454.8803,527139,1580.27954,120057188.0399366
2026-09-15 19:00:00+00:00,76000.0,76305.99,75813.75,76186.48,1145.76186,2026-09-15 19:59:59.999000+00:00,87113128.3492589,240022,650.82691,49483586.2932898
2026-09-15 20:00:00+00:00,76186.48,76245.98,75613.2,75935.24,526.79495,2026-09-15 20:59:59.999000+00:00,39994943.0558661,105342,240.19943,18229512.2966317
2026-09-15 21:00:00+00:00,75935.24,75956.58,75392.35,75453.85,478.08145,2026-09-15 21:59:59.999000+00:00,36191376.2085656,90779,202.99473,15368563.9706394
2026-09-15 22:00:00+00:00,75453.85,75747.98,75140.64,75668.0,703.17506,2026-09-15 22:59:59.999000+00:00,53057309.7276143,121587,278.16855,20995732.3598762
2026-09-15 23:00:00+00:00,75667.99,75942.13,75562.01,75644.48,412.63788,2026-09-15 23:59:59.999000+00:00,31256714.0123652,89531,224.44206,17000493.711549
2026-09-16 00:00:00+00:00,75644.48,75915.49,75578.61,75772.1,340.54755,2026-09-16 00:59:59.999000+00:00,25804267.1407254,77679,223.55155,16939034.1288904
2026-09-16 01:00:00+00:00,75772.1,75964.01,75457.52,75489.14,471.46585,2026-09-16 01:59:59.999000+00:00,35677186.6395485,94477,204.47996,15476667.2394203
2026-09-16 02:00:00+00:00,75489.14,76111.0,75483.32,75886.35,431.22778,2026-09-16 02:59:59.999000+00:00,32706218.4931021,99095,216.33294,16404681.5013903
2026-09-16 03:00:00+00:00,75886.36,76076.01,75768.25,75824.01,369.27253,2026-09-16 03:59:59.999000+00:00,28032995.6234725,80438,191.98436,14573339.5130107
2026-09-16 04:00:00+00:00,75824.0,76022.67,75805.7,75864.02,321.09965,2026-09-16 04:59:59.999000+00:00,24372258.4377683,64857,175.5108,13320238.3047741
2026-09-16 05:00:00+00:00,75864.02,75981.36,75677.64,75962.01,372.63126,2026-09-16 05:59:59.999000+00:00,28271952.786296,66794,214.97869,16310732.0827949
2026-09-16 06:00:00+00:00,75962.01,76038.83,75830.0,76030.01,399.86157,2026-09-16 06:59:59.999000+00:00,30371169.3464573,61433,190.23273,14450087.1338449
2026-09-16 07:00:00+00:00,76030.01,76097.54,75739.36,75766.63,721.95197,2026-09-16 07:59:59.999000+00:00,54771237.0603857,90906,308.80691,23427754.5541995
2026-09-16 08:00:00+00:00,75766.62,75766.62,75350.0,75736.01,690.76243,2026-09-16 08:59:59.999000+00:00,52177994.1451058,99326,287.55075,21719758.465146
2026-09-16 09:00:00+00:00,75736.01,75994.0,75730.0,75993.0,455.32651,2026-09-16 09:59:59.999000+00:00,34540652.2999916,69199,215.73746,16366333.8905531
2026-09-16 10:00:00+00:00,75993.01,76046.05,75900.0,75990.2,314.78271,2026-09-16 10:59:59.999000+00:00,23918650.9633365,49634,165.96013,12610620.7492927
2026-09-16 11:00:00+00:00,75990.2,76304.01,75874.0,76250.0,523.67545,2026-09-16 11:59:59.999000+00:00,39857261.2210055,100391,286.56468,21814711.6567062
2026-09-16 12:00:00+00:00,76250.0,76300.0,75794.02,75967.99,566.86511,2026-09-16 12:59:59.999000+00:00,43117393.8004258,100453,248.28867,18888869.9123056
2026-09-16 13:00:00+00:00,75967.98,75967.98,75585.09,75646.01,738.01439,2026-09-16 13:59:59.999000+00:00,55910038.2215869,182099,363.50976,27539198.3004508
2026-09-16 14:00:00+00:00,75646.01,75830.48,75423.04,75697.82,705.96798,2026-09-16 14:59:59.999000+00:00,53398367.0940652,172175,355.78017,26911349.7996872
2026-09-16 15:00:00+00:00,75697.83,75950.0,75552.79,75788.41,560.83704,2026-09-16 15:59:59.999000+00:00,42479587.3589463,135469,341.56346,25872003.3125015
2026-09-16 16:00:00+00:00,75788.41,75883.75,75650.0,75768.0,367.73923,2026-09-16 16:59:59.999000+00:00,27867711.8539829,102100,184.50683,13982310.2341883
2026-09-16 17:00:00+00:00,75768.0,75937.45,75353.07,75768.01,638.52702,2026-09-16 17:59:59.999000+00:00,48282809.6377227,126916,331.2522,25054098.6889967
2026-09-16 18:00:00+00:00,75770.45,76560.76,75064.82,75632.0,3097.10326,2026-09-16 18:59:59.999000+00:00,235005140.368254,657230,1671.37514,126873635.8588517
2026-09-16 19:00:00+00:00,75632.01,76180.0,75250.0,76080.0,958.02578,2026-09-16 19:59:59.999000+00:00,72641601.680083,288947,546.45122,41447546.7650809
2026-09-16 20:00:00+00:00,76080.0,76422.01,76024.0,76178.34,511.84627,2026-09-16 20:59:59.999000+00:00,39014982.5113052,105247,289.77247,22089200.5342163
2026-09-16 21:00:00+00:00,76178.35,76213.34,75933.11,75976.0,320.44714,2026-09-16 21:59:59.999000+00:00,24376885.3959692,52029,121.20608,9221067.9621678
2026-09-16 22:00:00+00:00,75976.01,75986.01,75632.7,75675.88,525.52719,2026-09-16 22:59:59.999000+00:00,39801578.8722329,79688,140.25893,10625612.8812477
2026-09-16 23:00:00+00:00,75675.88,76276.02,75643.61,76206.01,484.47864,2026-09-16 23:59:59.999000+00:00,36841693.1618335,101112,255.35752,19421312.879611
2026-09-17 00:00:00+00:00,76206.0,76511.18,76188.0,76342.77,472.88854,2026-09-17 00:59:59.999000+00:00,36121086.7453412,91686,328.95545,25124453.0972493
2026-09-17 01:00:00+00:00,76342.77,76774.08,76222.0,76374.21,638.81754,2026-09-17 01:59:59.999000+00:00,48865010.2483901,96330,385.93998,29519886.1390707
2026-09-17 02:00:00+00:00,76374.22,76485.13,76055.34,76370.01,496.68012,2026-09-17 02:59:59.999000+00:00,37888310.8799872,79646,277.72698,21188751.3303599
2026-09-17 03:00:00+00:00,76370.01,76535.03,76370.01,76441.99,295.45137,2026-09-17 03:59:59.999000+00:00,22592349.7606688,50742,132.96515,10166919.7711618
2026-09-17 04:00:00+00:00,76442.0,76598.0,76187.0,76539.81,275.54427,2026-09-17 04:59:59.999000+00:00,21035480.4981437,55930,152.97681,11676470.2261988
2026-09-17 05:00:00+00:00,76539.82,76632.14,76318.0,76333.88,280.19303,2026-09-17 05:59:59.999000+00:00,21422072.400252,59687,117.16096,8956072.4801702
2026-09-17 06:00:00+00:00,76333.87,76598.01,76308.42,76477.45,271.83524,2026-09-17 06:59:59.999000+00:00,20789762.7247516,49450,142.08139,10865348.6495262
2026-09-17 07:00:00+00:00,76477.46,76682.01,76425.34,76462.76,422.44395,2026-09-17 07:59:59.999000+00:00,32331811.8911575,60662,209.00078,15994390.8740164
2026-09-17 08:00:00+00:00,76462.77,76591.46,76396.97,76574.63,422.26564,2026-09-17 08:59:59.999000+00:00,32302696.4645659,58829,217.81315,16660736.185736
2026-09-17 09:00:00+00:00,76574.63,76770.0,76468.04,76468.05,378.26739,2026-09-17 09:59:59.999000+00:00,28995345.7712998,72458,201.22322,15425821.8528303
2026-09-17 10:00:00+00:00,76468.04,76470.49,76270.0,76402.01,413.8899,2026-09-17 10:59:59.999000+00:00,31601778.7536517,68348,183.45197,14007844.4747396
2026-09-17 11:00:00+00:00,76402.01,76488.73,76179.0,76482.0,329.95092,2026-09-17 11:59:59.999000+00:00,25188555.3829613,66298,153.12642,11689674.0430905
2026-09-17 12:00:00+00:00,76482.0,77179.47,76398.93,76736.59,970.25031,2026-09-17 12:59:59.999000+00:00,74592028.2429196,162931,611.06521,46985177.8538147
2026-09-17 13:00:00+00:00,76736.59,76889.66,76000.0,76694.07,1013.37341,2026-09-17 13:59:59.999000+00:00,77441783.1026004,171170,547.87537,41872406.9031795
2026-09-17 14:00:00+00:00,76694.06,77088.05,76391.44,76502.46,941.27248,2026-09-17 14:59:59.999000+00:00,72271111.4632806,206701,511.97079,39308943.4944288
2026-09-17 15:00:00+00:00,76502.45,76862.85,76275.0,76780.01,472.36489,2026-09-17 15:59:59.999000+00:00,36159277.0241161,126597,264.17411,20219674.8828179
2026-09-17 16:00:00+00:00,76780.01,76811.39,76534.0,76753.46,596.54444,2026-09-17 16:59:59.999000+00:00,45746235.3287641,112060,265.94379,20398611.1843025
2026-09-17 17:00:00+00:00,76753.46,76920.7,76736.13,76841.84,271.43726,2026-09-17 17:59:59.999000+00:00,20852900.6796254,38346,150.17955,11536668.9563396
